U+0000	 	0x0	<control>	NULL
U+0001	 	0x1	<control>	START OF HEADING
U+0002	 	0x2	<control>	START OF TEXT
U+0003	 	0x3	<control>	END OF TEXT
U+0004	 	0x4	<control>	END OF TRANSMISSION
U+0005	 	0x5	<control>	ENQUIRY
U+0006	 	0x6	<control>	ACKNOWLEDGE
U+0007	 	0x7	<control>	BELL
U+0008	 	0x8	<control>	BACKSPACE
U+0009	 	0x9	<control>	CHARACTER TABULATION
U+000A	 	0xa	<control>	LINE FEED
U+000B	 	0xb	<control>	LINE TABULATION
U+000C	 	0xc	<control>	FORM FEED
U+000D	 	0xd	<control>	CARRIAGE RETURN
U+000E	 	0xe	<control>	SHIFT OUT
U+000F	 	0xf	<control>	SHIFT IN
U+0010	 	0x10	<control>	DATA LINK ESCAPE
U+0011	 	0x11	<control>	DEVICE CONTROL ONE
U+0012	 	0x12	<control>	DEVICE CONTROL TWO
U+0013	 	0x13	<control>	DEVICE CONTROL THREE
U+0014	 	0x14	<control>	DEVICE CONTROL FOUR
U+0015	 	0x15	<control>	NEGATIVE ACKNOWLEDGE
U+0016	 	0x16	<control>	SYNCHRONOUS IDLE
U+0017	 	0x17	<control>	END OF TRANSMISSION BLOCK
U+0018	 	0x18	<control>	CANCEL
U+0019	 	0x19	<control>	END OF MEDIUM
U+001A	 	0x1a	<control>	SUBSTITUTE
U+001B	 	0x1b	<control>	ESCAPE
U+001C	 	0x1c	<control>	INFORMATION SEPARATOR FOUR
U+001D	 	0x1d	<control>	INFORMATION SEPARATOR THREE
U+001E	 	0x1e	<control>	INFORMATION SEPARATOR TWO
U+001F	 	0x1f	<control>	INFORMATION SEPARATOR ONE
U+0020		0x20	SPACE	
U+0021	!	0x21	EXCLAMATION MARK	
U+0022	"	0x22	QUOTATION MARK	
U+0023	#	0x23	NUMBER SIGN	
U+0024	$	0x24	DOLLAR SIGN	
U+0025	%	0x25	PERCENT SIGN	
U+0026	&	0x26	AMPERSAND	
U+0027	'	0x27	APOSTROPHE	APOSTROPHE-QUOTE
U+0028	(	0x28	LEFT PARENTHESIS	OPENING PARENTHESIS
U+0029	)	0x29	RIGHT PARENTHESIS	CLOSING PARENTHESIS
U+002A	*	0x2a	ASTERISK	
U+002B	+	0x2b	PLUS SIGN	
U+002C	,	0x2c	COMMA	
U+002D	-	0x2d	HYPHEN-MINUS	
U+002E	.	0x2e	FULL STOP	PERIOD
U+002F	/	0x2f	SOLIDUS	SLASH
U+0030	0	0x30	DIGIT ZERO	
U+0031	1	0x31	DIGIT ONE	
U+0032	2	0x32	DIGIT TWO	
U+0033	3	0x33	DIGIT THREE	
U+0034	4	0x34	DIGIT FOUR	
U+0035	5	0x35	DIGIT FIVE	
U+0036	6	0x36	DIGIT SIX	
U+0037	7	0x37	DIGIT SEVEN	
U+0038	8	0x38	DIGIT EIGHT	
U+0039	9	0x39	DIGIT NINE	
U+003A	:	0x3a	COLON	
U+003B	;	0x3b	SEMICOLON	
U+003C	<	0x3c	LESS-THAN SIGN	
U+003D	=	0x3d	EQUALS SIGN	
U+003E	>	0x3e	GREATER-THAN SIGN	
U+003F	?	0x3f	QUESTION MARK	
U+0040	@	0x40	COMMERCIAL AT	
U+0041	A	0x41	LATIN CAPITAL LETTER A	
U+0042	B	0x42	LATIN CAPITAL LETTER B	
U+0043	C	0x43	LATIN CAPITAL LETTER C	
U+0044	D	0x44	LATIN CAPITAL LETTER D	
U+0045	E	0x45	LATIN CAPITAL LETTER E	
U+0046	F	0x46	LATIN CAPITAL LETTER F	
U+0047	G	0x47	LATIN CAPITAL LETTER G	
U+0048	H	0x48	LATIN CAPITAL LETTER H	
U+0049	I	0x49	LATIN CAPITAL LETTER I	
U+004A	J	0x4a	LATIN CAPITAL LETTER J	
U+004B	K	0x4b	LATIN CAPITAL LETTER K	
U+004C	L	0x4c	LATIN CAPITAL LETTER L	
U+004D	M	0x4d	LATIN CAPITAL LETTER M	
U+004E	N	0x4e	LATIN CAPITAL LETTER N	
U+004F	O	0x4f	LATIN CAPITAL LETTER O	
U+0050	P	0x50	LATIN CAPITAL LETTER P	
U+0051	Q	0x51	LATIN CAPITAL LETTER Q	
U+0052	R	0x52	LATIN CAPITAL LETTER R	
U+0053	S	0x53	LATIN CAPITAL LETTER S	
U+0054	T	0x54	LATIN CAPITAL LETTER T	
U+0055	U	0x55	LATIN CAPITAL LETTER U	
U+0056	V	0x56	LATIN CAPITAL LETTER V	
U+0057	W	0x57	LATIN CAPITAL LETTER W	
U+0058	X	0x58	LATIN CAPITAL LETTER X	
U+0059	Y	0x59	LATIN CAPITAL LETTER Y	
U+005A	Z	0x5a	LATIN CAPITAL LETTER Z	
U+005B	[	0x5b	LEFT SQUARE BRACKET	OPENING SQUARE BRACKET
U+005C	\	0x5c	REVERSE SOLIDUS	BACKSLASH
U+005D	]	0x5d	RIGHT SQUARE BRACKET	CLOSING SQUARE BRACKET
U+005E	^	0x5e	CIRCUMFLEX ACCENT	SPACING CIRCUMFLEX
U+005F	_	0x5f	LOW LINE	SPACING UNDERSCORE
U+0060	`	0x60	GRAVE ACCENT	SPACING GRAVE
U+0061	a	0x61	LATIN SMALL LETTER A	
U+0062	b	0x62	LATIN SMALL LETTER B	
U+0063	c	0x63	LATIN SMALL LETTER C	
U+0064	d	0x64	LATIN SMALL LETTER D	
U+0065	e	0x65	LATIN SMALL LETTER E	
U+0066	f	0x66	LATIN SMALL LETTER F	
U+0067	g	0x67	LATIN SMALL LETTER G	
U+0068	h	0x68	LATIN SMALL LETTER H	
U+0069	i	0x69	LATIN SMALL LETTER I	
U+006A	j	0x6a	LATIN SMALL LETTER J	
U+006B	k	0x6b	LATIN SMALL LETTER K	
U+006C	l	0x6c	LATIN SMALL LETTER L	
U+006D	m	0x6d	LATIN SMALL LETTER M	
U+006E	n	0x6e	LATIN SMALL LETTER N	
U+006F	o	0x6f	LATIN SMALL LETTER O	
U+0070	p	0x70	LATIN SMALL LETTER P	
U+0071	q	0x71	LATIN SMALL LETTER Q	
U+0072	r	0x72	LATIN SMALL LETTER R	
U+0073	s	0x73	LATIN SMALL LETTER S	
U+0074	t	0x74	LATIN SMALL LETTER T	
U+0075	u	0x75	LATIN SMALL LETTER U	
U+0076	v	0x76	LATIN SMALL LETTER V	
U+0077	w	0x77	LATIN SMALL LETTER W	
U+0078	x	0x78	LATIN SMALL LETTER X	
U+0079	y	0x79	LATIN SMALL LETTER Y	
U+007A	z	0x7a	LATIN SMALL LETTER Z	
U+007B	{	0x7b	LEFT CURLY BRACKET	OPENING CURLY BRACKET
U+007C	|	0x7c	VERTICAL LINE	VERTICAL BAR
U+007D	}	0x7d	RIGHT CURLY BRACKET	CLOSING CURLY BRACKET
U+007E	~	0x7e	TILDE	
U+007F	 	0x7f	<control>	DELETE
U+0080	 	0xc2 0x80	<control>	
U+0081	 	0xc2 0x81	<control>	
U+0082	 	0xc2 0x82	<control>	BREAK PERMITTED HERE
U+0083	 	0xc2 0x83	<control>	NO BREAK HERE
U+0084	 	0xc2 0x84	<control>	
U+0085	 	0xc2 0x85	<control>	NEXT LINE
U+0086	 	0xc2 0x86	<control>	START OF SELECTED AREA
U+0087	 	0xc2 0x87	<control>	END OF SELECTED AREA
U+0088	 	0xc2 0x88	<control>	CHARACTER TABULATION SET
U+0089	 	0xc2 0x89	<control>	CHARACTER TABULATION WITH JUSTIFICATION
U+008A	 	0xc2 0x8a	<control>	LINE TABULATION SET
U+008B	 	0xc2 0x8b	<control>	PARTIAL LINE FORWARD
U+008C	 	0xc2 0x8c	<control>	PARTIAL LINE BACKWARD
U+008D	 	0xc2 0x8d	<control>	REVERSE LINE FEED
U+008E	 	0xc2 0x8e	<control>	SINGLE SHIFT TWO
U+008F	 	0xc2 0x8f	<control>	SINGLE SHIFT THREE
U+0090	 	0xc2 0x90	<control>	DEVICE CONTROL STRING
U+0091	 	0xc2 0x91	<control>	PRIVATE USE ONE
U+0092	 	0xc2 0x92	<control>	PRIVATE USE TWO
U+0093	 	0xc2 0x93	<control>	SET TRANSMIT STATE
U+0094	 	0xc2 0x94	<control>	CANCEL CHARACTER
U+0095	 	0xc2 0x95	<control>	MESSAGE WAITING
U+0096	 	0xc2 0x96	<control>	START OF GUARDED AREA
U+0097	 	0xc2 0x97	<control>	END OF GUARDED AREA
U+0098	 	0xc2 0x98	<control>	START OF STRING
U+0099	 	0xc2 0x99	<control>	
U+009A	 	0xc2 0x9a	<control>	SINGLE CHARACTER INTRODUCER
U+009B	 	0xc2 0x9b	<control>	CONTROL SEQUENCE INTRODUCER
U+009C	 	0xc2 0x9c	<control>	STRING TERMINATOR
U+009D	 	0xc2 0x9d	<control>	OPERATING SYSTEM COMMAND
U+009E	 	0xc2 0x9e	<control>	PRIVACY MESSAGE
U+009F	 	0xc2 0x9f	<control>	APPLICATION PROGRAM COMMAND
U+00A0	 	0xc2 0xa0	NO-BREAK SPACE	NON-BREAKING SPACE
U+00A1	¡	0xc2 0xa1	INVERTED EXCLAMATION MARK	
U+00A2	¢	0xc2 0xa2	CENT SIGN	
U+00A3	£	0xc2 0xa3	POUND SIGN	
U+00A4	¤	0xc2 0xa4	CURRENCY SIGN	
U+00A5	¥	0xc2 0xa5	YEN SIGN	
U+00A6	¦	0xc2 0xa6	BROKEN BAR	BROKEN VERTICAL BAR
U+00A7	§	0xc2 0xa7	SECTION SIGN	
U+00A8	¨	0xc2 0xa8	DIAERESIS	SPACING DIAERESIS
U+00A9	©	0xc2 0xa9	COPYRIGHT SIGN	
U+00AA	ª	0xc2 0xaa	FEMININE ORDINAL INDICATOR	
U+00AB	«	0xc2 0xab	LEFT-POINTING DOUBLE ANGLE QUOTATION MARK	LEFT POINTING GUILLEMET
U+00AC	¬	0xc2 0xac	NOT SIGN	
U+00AD	­	0xc2 0xad	SOFT HYPHEN	
U+00AE	®	0xc2 0xae	REGISTERED SIGN	REGISTERED TRADE MARK SIGN
U+00AF	¯	0xc2 0xaf	MACRON	SPACING MACRON
U+00B0	°	0xc2 0xb0	DEGREE SIGN	
U+00B1	±	0xc2 0xb1	PLUS-MINUS SIGN	PLUS-OR-MINUS SIGN
U+00B2	²	0xc2 0xb2	SUPERSCRIPT TWO	SUPERSCRIPT DIGIT TWO
U+00B3	³	0xc2 0xb3	SUPERSCRIPT THREE	SUPERSCRIPT DIGIT THREE
U+00B4	´	0xc2 0xb4	ACUTE ACCENT	SPACING ACUTE
U+00B5	µ	0xc2 0xb5	MICRO SIGN	
U+00B6	¶	0xc2 0xb6	PILCROW SIGN	PARAGRAPH SIGN
U+00B7	·	0xc2 0xb7	MIDDLE DOT	
U+00B8	¸	0xc2 0xb8	CEDILLA	SPACING CEDILLA
U+00B9	¹	0xc2 0xb9	SUPERSCRIPT ONE	SUPERSCRIPT DIGIT ONE
U+00BA	º	0xc2 0xba	MASCULINE ORDINAL INDICATOR	
U+00BB	»	0xc2 0xbb	RIGHT-POINTING DOUBLE ANGLE QUOTATION MARK	RIGHT POINTING GUILLEMET
U+00BC	¼	0xc2 0xbc	VULGAR FRACTION ONE QUARTER	FRACTION ONE QUARTER
U+00BD	½	0xc2 0xbd	VULGAR FRACTION ONE HALF	FRACTION ONE HALF
U+00BE	¾	0xc2 0xbe	VULGAR FRACTION THREE QUARTERS	FRACTION THREE QUARTERS
U+00BF	¿	0xc2 0xbf	INVERTED QUESTION MARK	
U+00C0	À	0xc3 0x80	LATIN CAPITAL LETTER A WITH GRAVE	LATIN CAPITAL LETTER A GRAVE
U+00C1	Á	0xc3 0x81	LATIN CAPITAL LETTER A WITH ACUTE	LATIN CAPITAL LETTER A ACUTE
U+00C2	Â	0xc3 0x82	LATIN CAPITAL LETTER A WITH CIRCUMFLEX	LATIN CAPITAL LETTER A CIRCUMFLEX
U+00C3	Ã	0xc3 0x83	LATIN CAPITAL LETTER A WITH TILDE	LATIN CAPITAL LETTER A TILDE
U+00C4	Ä	0xc3 0x84	LATIN CAPITAL LETTER A WITH DIAERESIS	LATIN CAPITAL LETTER A DIAERESIS
U+00C5	Å	0xc3 0x85	LATIN CAPITAL LETTER A WITH RING ABOVE	LATIN CAPITAL LETTER A RING
U+00C6	Æ	0xc3 0x86	LATIN CAPITAL LETTER AE	LATIN CAPITAL LETTER A E
U+00C7	Ç	0xc3 0x87	LATIN CAPITAL LETTER C WITH CEDILLA	LATIN CAPITAL LETTER C CEDILLA
U+00C8	È	0xc3 0x88	LATIN CAPITAL LETTER E WITH GRAVE	LATIN CAPITAL LETTER E GRAVE
U+00C9	É	0xc3 0x89	LATIN CAPITAL LETTER E WITH ACUTE	LATIN CAPITAL LETTER E ACUTE
U+00CA	Ê	0xc3 0x8a	LATIN CAPITAL LETTER E WITH CIRCUMFLEX	LATIN CAPITAL LETTER E CIRCUMFLEX
U+00CB	Ë	0xc3 0x8b	LATIN CAPITAL LETTER E WITH DIAERESIS	LATIN CAPITAL LETTER E DIAERESIS
U+00CC	Ì	0xc3 0x8c	LATIN CAPITAL LETTER I WITH GRAVE	LATIN CAPITAL LETTER I GRAVE
U+00CD	Í	0xc3 0x8d	LATIN CAPITAL LETTER I WITH ACUTE	LATIN CAPITAL LETTER I ACUTE
U+00CE	Î	0xc3 0x8e	LATIN CAPITAL LETTER I WITH CIRCUMFLEX	LATIN CAPITAL LETTER I CIRCUMFLEX
U+00CF	Ï	0xc3 0x8f	LATIN CAPITAL LETTER I WITH DIAERESIS	LATIN CAPITAL LETTER I DIAERESIS
U+00D0	Ð	0xc3 0x90	LATIN CAPITAL LETTER ETH	
U+00D1	Ñ	0xc3 0x91	LATIN CAPITAL LETTER N WITH TILDE	LATIN CAPITAL LETTER N TILDE
U+00D2	Ò	0xc3 0x92	LATIN CAPITAL LETTER O WITH GRAVE	LATIN CAPITAL LETTER O GRAVE
U+00D3	Ó	0xc3 0x93	LATIN CAPITAL LETTER O WITH ACUTE	LATIN CAPITAL LETTER O ACUTE
U+00D4	Ô	0xc3 0x94	LATIN CAPITAL LETTER O WITH CIRCUMFLEX	LATIN CAPITAL LETTER O CIRCUMFLEX
U+00D5	Õ	0xc3 0x95	LATIN CAPITAL LETTER O WITH TILDE	LATIN CAPITAL LETTER O TILDE
U+00D6	Ö	0xc3 0x96	LATIN CAPITAL LETTER O WITH DIAERESIS	LATIN CAPITAL LETTER O DIAERESIS
U+00D7	×	0xc3 0x97	MULTIPLICATION SIGN	
U+00D8	Ø	0xc3 0x98	LATIN CAPITAL LETTER O WITH STROKE	LATIN CAPITAL LETTER O SLASH
U+00D9	Ù	0xc3 0x99	LATIN CAPITAL LETTER U WITH GRAVE	LATIN CAPITAL LETTER U GRAVE
U+00DA	Ú	0xc3 0x9a	LATIN CAPITAL LETTER U WITH ACUTE	LATIN CAPITAL LETTER U ACUTE
U+00DB	Û	0xc3 0x9b	LATIN CAPITAL LETTER U WITH CIRCUMFLEX	LATIN CAPITAL LETTER U CIRCUMFLEX
U+00DC	Ü	0xc3 0x9c	LATIN CAPITAL LETTER U WITH DIAERESIS	LATIN CAPITAL LETTER U DIAERESIS
U+00DD	Ý	0xc3 0x9d	LATIN CAPITAL LETTER Y WITH ACUTE	LATIN CAPITAL LETTER Y ACUTE
U+00DE	Þ	0xc3 0x9e	LATIN CAPITAL LETTER THORN	
U+00DF	ß	0xc3 0x9f	LATIN SMALL LETTER SHARP S	
U+00E0	à	0xc3 0xa0	LATIN SMALL LETTER A WITH GRAVE	LATIN SMALL LETTER A GRAVE
U+00E1	á	0xc3 0xa1	LATIN SMALL LETTER A WITH ACUTE	LATIN SMALL LETTER A ACUTE
U+00E2	â	0xc3 0xa2	LATIN SMALL LETTER A WITH CIRCUMFLEX	LATIN SMALL LETTER A CIRCUMFLEX
U+00E3	ã	0xc3 0xa3	LATIN SMALL LETTER A WITH TILDE	LATIN SMALL LETTER A TILDE
U+00E4	ä	0xc3 0xa4	LATIN SMALL LETTER A WITH DIAERESIS	LATIN SMALL LETTER A DIAERESIS
U+00E5	å	0xc3 0xa5	LATIN SMALL LETTER A WITH RING ABOVE	LATIN SMALL LETTER A RING
U+00E6	æ	0xc3 0xa6	LATIN SMALL LETTER AE	LATIN SMALL LETTER A E
U+00E7	ç	0xc3 0xa7	LATIN SMALL LETTER C WITH CEDILLA	LATIN SMALL LETTER C CEDILLA
U+00E8	è	0xc3 0xa8	LATIN SMALL LETTER E WITH GRAVE	LATIN SMALL LETTER E GRAVE
U+00E9	é	0xc3 0xa9	LATIN SMALL LETTER E WITH ACUTE	LATIN SMALL LETTER E ACUTE
U+00EA	ê	0xc3 0xaa	LATIN SMALL LETTER E WITH CIRCUMFLEX	LATIN SMALL LETTER E CIRCUMFLEX
U+00EB	ë	0xc3 0xab	LATIN SMALL LETTER E WITH DIAERESIS	LATIN SMALL LETTER E DIAERESIS
U+00EC	ì	0xc3 0xac	LATIN SMALL LETTER I WITH GRAVE	LATIN SMALL LETTER I GRAVE
U+00ED	í	0xc3 0xad	LATIN SMALL LETTER I WITH ACUTE	LATIN SMALL LETTER I ACUTE
U+00EE	î	0xc3 0xae	LATIN SMALL LETTER I WITH CIRCUMFLEX	LATIN SMALL LETTER I CIRCUMFLEX
U+00EF	ï	0xc3 0xaf	LATIN SMALL LETTER I WITH DIAERESIS	LATIN SMALL LETTER I DIAERESIS
U+00F0	ð	0xc3 0xb0	LATIN SMALL LETTER ETH	
U+00F1	ñ	0xc3 0xb1	LATIN SMALL LETTER N WITH TILDE	LATIN SMALL LETTER N TILDE
U+00F2	ò	0xc3 0xb2	LATIN SMALL LETTER O WITH GRAVE	LATIN SMALL LETTER O GRAVE
U+00F3	ó	0xc3 0xb3	LATIN SMALL LETTER O WITH ACUTE	LATIN SMALL LETTER O ACUTE
U+00F4	ô	0xc3 0xb4	LATIN SMALL LETTER O WITH CIRCUMFLEX	LATIN SMALL LETTER O CIRCUMFLEX
U+00F5	õ	0xc3 0xb5	LATIN SMALL LETTER O WITH TILDE	LATIN SMALL LETTER O TILDE
U+00F6	ö	0xc3 0xb6	LATIN SMALL LETTER O WITH DIAERESIS	LATIN SMALL LETTER O DIAERESIS
U+00F7	÷	0xc3 0xb7	DIVISION SIGN	
U+00F8	ø	0xc3 0xb8	LATIN SMALL LETTER O WITH STROKE	LATIN SMALL LETTER O SLASH
U+00F9	ù	0xc3 0xb9	LATIN SMALL LETTER U WITH GRAVE	LATIN SMALL LETTER U GRAVE
U+00FA	ú	0xc3 0xba	LATIN SMALL LETTER U WITH ACUTE	LATIN SMALL LETTER U ACUTE
U+00FB	û	0xc3 0xbb	LATIN SMALL LETTER U WITH CIRCUMFLEX	LATIN SMALL LETTER U CIRCUMFLEX
U+00FC	ü	0xc3 0xbc	LATIN SMALL LETTER U WITH DIAERESIS	LATIN SMALL LETTER U DIAERESIS
U+00FD	ý	0xc3 0xbd	LATIN SMALL LETTER Y WITH ACUTE	LATIN SMALL LETTER Y ACUTE
U+00FE	þ	0xc3 0xbe	LATIN SMALL LETTER THORN	
U+00FF	ÿ	0xc3 0xbf	LATIN SMALL LETTER Y WITH DIAERESIS	LATIN SMALL LETTER Y DIAERESIS
U+0100	Ā	0xc4 0x80	LATIN CAPITAL LETTER A WITH MACRON	LATIN CAPITAL LETTER A MACRON
U+0101	ā	0xc4 0x81	LATIN SMALL LETTER A WITH MACRON	LATIN SMALL LETTER A MACRON
U+0102	Ă	0xc4 0x82	LATIN CAPITAL LETTER A WITH BREVE	LATIN CAPITAL LETTER A BREVE
U+0103	ă	0xc4 0x83	LATIN SMALL LETTER A WITH BREVE	LATIN SMALL LETTER A BREVE
U+0104	Ą	0xc4 0x84	LATIN CAPITAL LETTER A WITH OGONEK	LATIN CAPITAL LETTER A OGONEK
U+0105	ą	0xc4 0x85	LATIN SMALL LETTER A WITH OGONEK	LATIN SMALL LETTER A OGONEK
U+0106	Ć	0xc4 0x86	LATIN CAPITAL LETTER C WITH ACUTE	LATIN CAPITAL LETTER C ACUTE
U+0107	ć	0xc4 0x87	LATIN SMALL LETTER C WITH ACUTE	LATIN SMALL LETTER C ACUTE
U+0108	Ĉ	0xc4 0x88	LATIN CAPITAL LETTER C WITH CIRCUMFLEX	LATIN CAPITAL LETTER C CIRCUMFLEX
U+0109	ĉ	0xc4 0x89	LATIN SMALL LETTER C WITH CIRCUMFLEX	LATIN SMALL LETTER C CIRCUMFLEX
U+010A	Ċ	0xc4 0x8a	LATIN CAPITAL LETTER C WITH DOT ABOVE	LATIN CAPITAL LETTER C DOT
U+010B	ċ	0xc4 0x8b	LATIN SMALL LETTER C WITH DOT ABOVE	LATIN SMALL LETTER C DOT
U+010C	Č	0xc4 0x8c	LATIN CAPITAL LETTER C WITH CARON	LATIN CAPITAL LETTER C HACEK
U+010D	č	0xc4 0x8d	LATIN SMALL LETTER C WITH CARON	LATIN SMALL LETTER C HACEK
U+010E	Ď	0xc4 0x8e	LATIN CAPITAL LETTER D WITH CARON	LATIN CAPITAL LETTER D HACEK
U+010F	ď	0xc4 0x8f	LATIN SMALL LETTER D WITH CARON	LATIN SMALL LETTER D HACEK
U+0110	Đ	0xc4 0x90	LATIN CAPITAL LETTER D WITH STROKE	LATIN CAPITAL LETTER D BAR
U+0111	đ	0xc4 0x91	LATIN SMALL LETTER D WITH STROKE	LATIN SMALL LETTER D BAR
U+0112	Ē	0xc4 0x92	LATIN CAPITAL LETTER E WITH MACRON	LATIN CAPITAL LETTER E MACRON
U+0113	ē	0xc4 0x93	LATIN SMALL LETTER E WITH MACRON	LATIN SMALL LETTER E MACRON
U+0114	Ĕ	0xc4 0x94	LATIN CAPITAL LETTER E WITH BREVE	LATIN CAPITAL LETTER E BREVE
U+0115	ĕ	0xc4 0x95	LATIN SMALL LETTER E WITH BREVE	LATIN SMALL LETTER E BREVE
U+0116	Ė	0xc4 0x96	LATIN CAPITAL LETTER E WITH DOT ABOVE	LATIN CAPITAL LETTER E DOT
U+0117	ė	0xc4 0x97	LATIN SMALL LETTER E WITH DOT ABOVE	LATIN SMALL LETTER E DOT
U+0118	Ę	0xc4 0x98	LATIN CAPITAL LETTER E WITH OGONEK	LATIN CAPITAL LETTER E OGONEK
U+0119	ę	0xc4 0x99	LATIN SMALL LETTER E WITH OGONEK	LATIN SMALL LETTER E OGONEK
U+011A	Ě	0xc4 0x9a	LATIN CAPITAL LETTER E WITH CARON	LATIN CAPITAL LETTER E HACEK
U+011B	ě	0xc4 0x9b	LATIN SMALL LETTER E WITH CARON	LATIN SMALL LETTER E HACEK
U+011C	Ĝ	0xc4 0x9c	LATIN CAPITAL LETTER G WITH CIRCUMFLEX	LATIN CAPITAL LETTER G CIRCUMFLEX
U+011D	ĝ	0xc4 0x9d	LATIN SMALL LETTER G WITH CIRCUMFLEX	LATIN SMALL LETTER G CIRCUMFLEX
U+011E	Ğ	0xc4 0x9e	LATIN CAPITAL LETTER G WITH BREVE	LATIN CAPITAL LETTER G BREVE
U+011F	ğ	0xc4 0x9f	LATIN SMALL LETTER G WITH BREVE	LATIN SMALL LETTER G BREVE
U+0120	Ġ	0xc4 0xa0	LATIN CAPITAL LETTER G WITH DOT ABOVE	LATIN CAPITAL LETTER G DOT
U+0121	ġ	0xc4 0xa1	LATIN SMALL LETTER G WITH DOT ABOVE	LATIN SMALL LETTER G DOT
U+0122	Ģ	0xc4 0xa2	LATIN CAPITAL LETTER G WITH CEDILLA	LATIN CAPITAL LETTER G CEDILLA
U+0123	ģ	0xc4 0xa3	LATIN SMALL LETTER G WITH CEDILLA	LATIN SMALL LETTER G CEDILLA
U+0124	Ĥ	0xc4 0xa4	LATIN CAPITAL LETTER H WITH CIRCUMFLEX	LATIN CAPITAL LETTER H CIRCUMFLEX
U+0125	ĥ	0xc4 0xa5	LATIN SMALL LETTER H WITH CIRCUMFLEX	LATIN SMALL LETTER H CIRCUMFLEX
U+0126	Ħ	0xc4 0xa6	LATIN CAPITAL LETTER H WITH STROKE	LATIN CAPITAL LETTER H BAR
U+0127	ħ	0xc4 0xa7	LATIN SMALL LETTER H WITH STROKE	LATIN SMALL LETTER H BAR
U+0128	Ĩ	0xc4 0xa8	LATIN CAPITAL LETTER I WITH TILDE	LATIN CAPITAL LETTER I TILDE
U+0129	ĩ	0xc4 0xa9	LATIN SMALL LETTER I WITH TILDE	LATIN SMALL LETTER I TILDE
U+012A	Ī	0xc4 0xaa	LATIN CAPITAL LETTER I WITH MACRON	LATIN CAPITAL LETTER I MACRON
U+012B	ī	0xc4 0xab	LATIN SMALL LETTER I WITH MACRON	LATIN SMALL LETTER I MACRON
U+012C	Ĭ	0xc4 0xac	LATIN CAPITAL LETTER I WITH BREVE	LATIN CAPITAL LETTER I BREVE
U+012D	ĭ	0xc4 0xad	LATIN SMALL LETTER I WITH BREVE	LATIN SMALL LETTER I BREVE
U+012E	Į	0xc4 0xae	LATIN CAPITAL LETTER I WITH OGONEK	LATIN CAPITAL LETTER I OGONEK
U+012F	į	0xc4 0xaf	LATIN SMALL LETTER I WITH OGONEK	LATIN SMALL LETTER I OGONEK
U+0130	İ	0xc4 0xb0	LATIN CAPITAL LETTER I WITH DOT ABOVE	LATIN CAPITAL LETTER I DOT
U+0131	ı	0xc4 0xb1	LATIN SMALL LETTER DOTLESS I	
U+0132	Ĳ	0xc4 0xb2	LATIN CAPITAL LIGATURE IJ	LATIN CAPITAL LETTER I J
U+0133	ĳ	0xc4 0xb3	LATIN SMALL LIGATURE IJ	LATIN SMALL LETTER I J
U+0134	Ĵ	0xc4 0xb4	LATIN CAPITAL LETTER J WITH CIRCUMFLEX	LATIN CAPITAL LETTER J CIRCUMFLEX
U+0135	ĵ	0xc4 0xb5	LATIN SMALL LETTER J WITH CIRCUMFLEX	LATIN SMALL LETTER J CIRCUMFLEX
U+0136	Ķ	0xc4 0xb6	LATIN CAPITAL LETTER K WITH CEDILLA	LATIN CAPITAL LETTER K CEDILLA
U+0137	ķ	0xc4 0xb7	LATIN SMALL LETTER K WITH CEDILLA	LATIN SMALL LETTER K CEDILLA
U+0138	ĸ	0xc4 0xb8	LATIN SMALL LETTER KRA	
U+0139	Ĺ	0xc4 0xb9	LATIN CAPITAL LETTER L WITH ACUTE	LATIN CAPITAL LETTER L ACUTE
U+013A	ĺ	0xc4 0xba	LATIN SMALL LETTER L WITH ACUTE	LATIN SMALL LETTER L ACUTE
U+013B	Ļ	0xc4 0xbb	LATIN CAPITAL LETTER L WITH CEDILLA	LATIN CAPITAL LETTER L CEDILLA
U+013C	ļ	0xc4 0xbc	LATIN SMALL LETTER L WITH CEDILLA	LATIN SMALL LETTER L CEDILLA
U+013D	Ľ	0xc4 0xbd	LATIN CAPITAL LETTER L WITH CARON	LATIN CAPITAL LETTER L HACEK
U+013E	ľ	0xc4 0xbe	LATIN SMALL LETTER L WITH CARON	LATIN SMALL LETTER L HACEK
U+013F	Ŀ	0xc4 0xbf	LATIN CAPITAL LETTER L WITH MIDDLE DOT	
U+0140	ŀ	0xc5 0x80	LATIN SMALL LETTER L WITH MIDDLE DOT	
U+0141	Ł	0xc5 0x81	LATIN CAPITAL LETTER L WITH STROKE	LATIN CAPITAL LETTER L SLASH
U+0142	ł	0xc5 0x82	LATIN SMALL LETTER L WITH STROKE	LATIN SMALL LETTER L SLASH
U+0143	Ń	0xc5 0x83	LATIN CAPITAL LETTER N WITH ACUTE	LATIN CAPITAL LETTER N ACUTE
U+0144	ń	0xc5 0x84	LATIN SMALL LETTER N WITH ACUTE	LATIN SMALL LETTER N ACUTE
U+0145	Ņ	0xc5 0x85	LATIN CAPITAL LETTER N WITH CEDILLA	LATIN CAPITAL LETTER N CEDILLA
U+0146	ņ	0xc5 0x86	LATIN SMALL LETTER N WITH CEDILLA	LATIN SMALL LETTER N CEDILLA
U+0147	Ň	0xc5 0x87	LATIN CAPITAL LETTER N WITH CARON	LATIN CAPITAL LETTER N HACEK
U+0148	ň	0xc5 0x88	LATIN SMALL LETTER N WITH CARON	LATIN SMALL LETTER N HACEK
U+0149	ŉ	0xc5 0x89	LATIN SMALL LETTER N PRECEDED BY APOSTROPHE	LATIN SMALL LETTER APOSTROPHE N
U+014A	Ŋ	0xc5 0x8a	LATIN CAPITAL LETTER ENG	
U+014B	ŋ	0xc5 0x8b	LATIN SMALL LETTER ENG	
U+014C	Ō	0xc5 0x8c	LATIN CAPITAL LETTER O WITH MACRON	LATIN CAPITAL LETTER O MACRON
U+014D	ō	0xc5 0x8d	LATIN SMALL LETTER O WITH MACRON	LATIN SMALL LETTER O MACRON
U+014E	Ŏ	0xc5 0x8e	LATIN CAPITAL LETTER O WITH BREVE	LATIN CAPITAL LETTER O BREVE
U+014F	ŏ	0xc5 0x8f	LATIN SMALL LETTER O WITH BREVE	LATIN SMALL LETTER O BREVE
U+0150	Ő	0xc5 0x90	LATIN CAPITAL LETTER O WITH DOUBLE ACUTE	LATIN CAPITAL LETTER O DOUBLE ACUTE
U+0151	ő	0xc5 0x91	LATIN SMALL LETTER O WITH DOUBLE ACUTE	LATIN SMALL LETTER O DOUBLE ACUTE
U+0152	Œ	0xc5 0x92	LATIN CAPITAL LIGATURE OE	LATIN CAPITAL LETTER O E
U+0153	œ	0xc5 0x93	LATIN SMALL LIGATURE OE	LATIN SMALL LETTER O E
U+0154	Ŕ	0xc5 0x94	LATIN CAPITAL LETTER R WITH ACUTE	LATIN CAPITAL LETTER R ACUTE
U+0155	ŕ	0xc5 0x95	LATIN SMALL LETTER R WITH ACUTE	LATIN SMALL LETTER R ACUTE
U+0156	Ŗ	0xc5 0x96	LATIN CAPITAL LETTER R WITH CEDILLA	LATIN CAPITAL LETTER R CEDILLA
U+0157	ŗ	0xc5 0x97	LATIN SMALL LETTER R WITH CEDILLA	LATIN SMALL LETTER R CEDILLA
U+0158	Ř	0xc5 0x98	LATIN CAPITAL LETTER R WITH CARON	LATIN CAPITAL LETTER R HACEK
U+0159	ř	0xc5 0x99	LATIN SMALL LETTER R WITH CARON	LATIN SMALL LETTER R HACEK
U+015A	Ś	0xc5 0x9a	LATIN CAPITAL LETTER S WITH ACUTE	LATIN CAPITAL LETTER S ACUTE
U+015B	ś	0xc5 0x9b	LATIN SMALL LETTER S WITH ACUTE	LATIN SMALL LETTER S ACUTE
U+015C	Ŝ	0xc5 0x9c	LATIN CAPITAL LETTER S WITH CIRCUMFLEX	LATIN CAPITAL LETTER S CIRCUMFLEX
U+015D	ŝ	0xc5 0x9d	LATIN SMALL LETTER S WITH CIRCUMFLEX	LATIN SMALL LETTER S CIRCUMFLEX
U+015E	Ş	0xc5 0x9e	LATIN CAPITAL LETTER S WITH CEDILLA	LATIN CAPITAL LETTER S CEDILLA
U+015F	ş	0xc5 0x9f	LATIN SMALL LETTER S WITH CEDILLA	LATIN SMALL LETTER S CEDILLA
U+0160	Š	0xc5 0xa0	LATIN CAPITAL LETTER S WITH CARON	LATIN CAPITAL LETTER S HACEK
U+0161	š	0xc5 0xa1	LATIN SMALL LETTER S WITH CARON	LATIN SMALL LETTER S HACEK
U+0162	Ţ	0xc5 0xa2	LATIN CAPITAL LETTER T WITH CEDILLA	LATIN CAPITAL LETTER T CEDILLA
U+0163	ţ	0xc5 0xa3	LATIN SMALL LETTER T WITH CEDILLA	LATIN SMALL LETTER T CEDILLA
U+0164	Ť	0xc5 0xa4	LATIN CAPITAL LETTER T WITH CARON	LATIN CAPITAL LETTER T HACEK
U+0165	ť	0xc5 0xa5	LATIN SMALL LETTER T WITH CARON	LATIN SMALL LETTER T HACEK
U+0166	Ŧ	0xc5 0xa6	LATIN CAPITAL LETTER T WITH STROKE	LATIN CAPITAL LETTER T BAR
U+0167	ŧ	0xc5 0xa7	LATIN SMALL LETTER T WITH STROKE	LATIN SMALL LETTER T BAR
U+0168	Ũ	0xc5 0xa8	LATIN CAPITAL LETTER U WITH TILDE	LATIN CAPITAL LETTER U TILDE
U+0169	ũ	0xc5 0xa9	LATIN SMALL LETTER U WITH TILDE	LATIN SMALL LETTER U TILDE
U+016A	Ū	0xc5 0xaa	LATIN CAPITAL LETTER U WITH MACRON	LATIN CAPITAL LETTER U MACRON
U+016B	ū	0xc5 0xab	LATIN SMALL LETTER U WITH MACRON	LATIN SMALL LETTER U MACRON
U+016C	Ŭ	0xc5 0xac	LATIN CAPITAL LETTER U WITH BREVE	LATIN CAPITAL LETTER U BREVE
U+016D	ŭ	0xc5 0xad	LATIN SMALL LETTER U WITH BREVE	LATIN SMALL LETTER U BREVE
U+016E	Ů	0xc5 0xae	LATIN CAPITAL LETTER U WITH RING ABOVE	LATIN CAPITAL LETTER U RING
U+016F	ů	0xc5 0xaf	LATIN SMALL LETTER U WITH RING ABOVE	LATIN SMALL LETTER U RING
U+0170	Ű	0xc5 0xb0	LATIN CAPITAL LETTER U WITH DOUBLE ACUTE	LATIN CAPITAL LETTER U DOUBLE ACUTE
U+0171	ű	0xc5 0xb1	LATIN SMALL LETTER U WITH DOUBLE ACUTE	LATIN SMALL LETTER U DOUBLE ACUTE
U+0172	Ų	0xc5 0xb2	LATIN CAPITAL LETTER U WITH OGONEK	LATIN CAPITAL LETTER U OGONEK
U+0173	ų	0xc5 0xb3	LATIN SMALL LETTER U WITH OGONEK	LATIN SMALL LETTER U OGONEK
U+0174	Ŵ	0xc5 0xb4	LATIN CAPITAL LETTER W WITH CIRCUMFLEX	LATIN CAPITAL LETTER W CIRCUMFLEX
U+0175	ŵ	0xc5 0xb5	LATIN SMALL LETTER W WITH CIRCUMFLEX	LATIN SMALL LETTER W CIRCUMFLEX
U+0176	Ŷ	0xc5 0xb6	LATIN CAPITAL LETTER Y WITH CIRCUMFLEX	LATIN CAPITAL LETTER Y CIRCUMFLEX
U+0177	ŷ	0xc5 0xb7	LATIN SMALL LETTER Y WITH CIRCUMFLEX	LATIN SMALL LETTER Y CIRCUMFLEX
U+0178	Ÿ	0xc5 0xb8	LATIN CAPITAL LETTER Y WITH DIAERESIS	LATIN CAPITAL LETTER Y DIAERESIS
U+0179	Ź	0xc5 0xb9	LATIN CAPITAL LETTER Z WITH ACUTE	LATIN CAPITAL LETTER Z ACUTE
U+017A	ź	0xc5 0xba	LATIN SMALL LETTER Z WITH ACUTE	LATIN SMALL LETTER Z ACUTE
U+017B	Ż	0xc5 0xbb	LATIN CAPITAL LETTER Z WITH DOT ABOVE	LATIN CAPITAL LETTER Z DOT
U+017C	ż	0xc5 0xbc	LATIN SMALL LETTER Z WITH DOT ABOVE	LATIN SMALL LETTER Z DOT
U+017D	Ž	0xc5 0xbd	LATIN CAPITAL LETTER Z WITH CARON	LATIN CAPITAL LETTER Z HACEK
U+017E	ž	0xc5 0xbe	LATIN SMALL LETTER Z WITH CARON	LATIN SMALL LETTER Z HACEK
U+017F	ſ	0xc5 0xbf	LATIN SMALL LETTER LONG S	
U+0180	ƀ	0xc6 0x80	LATIN SMALL LETTER B WITH STROKE	LATIN SMALL LETTER B BAR
U+0181	Ɓ	0xc6 0x81	LATIN CAPITAL LETTER B WITH HOOK	LATIN CAPITAL LETTER B HOOK
U+0182	Ƃ	0xc6 0x82	LATIN CAPITAL LETTER B WITH TOPBAR	LATIN CAPITAL LETTER B TOPBAR
U+0183	ƃ	0xc6 0x83	LATIN SMALL LETTER B WITH TOPBAR	LATIN SMALL LETTER B TOPBAR
U+0184	Ƅ	0xc6 0x84	LATIN CAPITAL LETTER TONE SIX	
U+0185	ƅ	0xc6 0x85	LATIN SMALL LETTER TONE SIX	
U+0186	Ɔ	0xc6 0x86	LATIN CAPITAL LETTER OPEN O	
U+0187	Ƈ	0xc6 0x87	LATIN CAPITAL LETTER C WITH HOOK	LATIN CAPITAL LETTER C HOOK
U+0188	ƈ	0xc6 0x88	LATIN SMALL LETTER C WITH HOOK	LATIN SMALL LETTER C HOOK
U+0189	Ɖ	0xc6 0x89	LATIN CAPITAL LETTER AFRICAN D	
U+018A	Ɗ	0xc6 0x8a	LATIN CAPITAL LETTER D WITH HOOK	LATIN CAPITAL LETTER D HOOK
U+018B	Ƌ	0xc6 0x8b	LATIN CAPITAL LETTER D WITH TOPBAR	LATIN CAPITAL LETTER D TOPBAR
U+018C	ƌ	0xc6 0x8c	LATIN SMALL LETTER D WITH TOPBAR	LATIN SMALL LETTER D TOPBAR
U+018D	ƍ	0xc6 0x8d	LATIN SMALL LETTER TURNED DELTA	
U+018E	Ǝ	0xc6 0x8e	LATIN CAPITAL LETTER REVERSED E	LATIN CAPITAL LETTER TURNED E
U+018F	Ə	0xc6 0x8f	LATIN CAPITAL LETTER SCHWA	
U+0190	Ɛ	0xc6 0x90	LATIN CAPITAL LETTER OPEN E	LATIN CAPITAL LETTER EPSILON
U+0191	Ƒ	0xc6 0x91	LATIN CAPITAL LETTER F WITH HOOK	LATIN CAPITAL LETTER F HOOK
U+0192	ƒ	0xc6 0x92	LATIN SMALL LETTER F WITH HOOK	LATIN SMALL LETTER SCRIPT F
U+0193	Ɠ	0xc6 0x93	LATIN CAPITAL LETTER G WITH HOOK	LATIN CAPITAL LETTER G HOOK
U+0194	Ɣ	0xc6 0x94	LATIN CAPITAL LETTER GAMMA	
U+0195	ƕ	0xc6 0x95	LATIN SMALL LETTER HV	LATIN SMALL LETTER H V
U+0196	Ɩ	0xc6 0x96	LATIN CAPITAL LETTER IOTA	
U+0197	Ɨ	0xc6 0x97	LATIN CAPITAL LETTER I WITH STROKE	LATIN CAPITAL LETTER BARRED I
U+0198	Ƙ	0xc6 0x98	LATIN CAPITAL LETTER K WITH HOOK	LATIN CAPITAL LETTER K HOOK
U+0199	ƙ	0xc6 0x99	LATIN SMALL LETTER K WITH HOOK	LATIN SMALL LETTER K HOOK
U+019A	ƚ	0xc6 0x9a	LATIN SMALL LETTER L WITH BAR	LATIN SMALL LETTER BARRED L
U+019B	ƛ	0xc6 0x9b	LATIN SMALL LETTER LAMBDA WITH STROKE	LATIN SMALL LETTER BARRED LAMBDA
U+019C	Ɯ	0xc6 0x9c	LATIN CAPITAL LETTER TURNED M	
U+019D	Ɲ	0xc6 0x9d	LATIN CAPITAL LETTER N WITH LEFT HOOK	LATIN CAPITAL LETTER N HOOK
U+019E	ƞ	0xc6 0x9e	LATIN SMALL LETTER N WITH LONG RIGHT LEG	
U+019F	Ɵ	0xc6 0x9f	LATIN CAPITAL LETTER O WITH MIDDLE TILDE	LATIN CAPITAL LETTER BARRED O
U+01A0	Ơ	0xc6 0xa0	LATIN CAPITAL LETTER O WITH HORN	LATIN CAPITAL LETTER O HORN
U+01A1	ơ	0xc6 0xa1	LATIN SMALL LETTER O WITH HORN	LATIN SMALL LETTER O HORN
U+01A2	Ƣ	0xc6 0xa2	LATIN CAPITAL LETTER OI	LATIN CAPITAL LETTER O I
U+01A3	ƣ	0xc6 0xa3	LATIN SMALL LETTER OI	LATIN SMALL LETTER O I
U+01A4	Ƥ	0xc6 0xa4	LATIN CAPITAL LETTER P WITH HOOK	LATIN CAPITAL LETTER P HOOK
U+01A5	ƥ	0xc6 0xa5	LATIN SMALL LETTER P WITH HOOK	LATIN SMALL LETTER P HOOK
U+01A6	Ʀ	0xc6 0xa6	LATIN LETTER YR	LATIN LETTER Y R
U+01A7	Ƨ	0xc6 0xa7	LATIN CAPITAL LETTER TONE TWO	
U+01A8	ƨ	0xc6 0xa8	LATIN SMALL LETTER TONE TWO	
U+01A9	Ʃ	0xc6 0xa9	LATIN CAPITAL LETTER ESH	
U+01AA	ƪ	0xc6 0xaa	LATIN LETTER REVERSED ESH LOOP	
U+01AB	ƫ	0xc6 0xab	LATIN SMALL LETTER T WITH PALATAL HOOK	LATIN SMALL LETTER T PALATAL HOOK
U+01AC	Ƭ	0xc6 0xac	LATIN CAPITAL LETTER T WITH HOOK	LATIN CAPITAL LETTER T HOOK
U+01AD	ƭ	0xc6 0xad	LATIN SMALL LETTER T WITH HOOK	LATIN SMALL LETTER T HOOK
U+01AE	Ʈ	0xc6 0xae	LATIN CAPITAL LETTER T WITH RETROFLEX HOOK	LATIN CAPITAL LETTER T RETROFLEX HOOK
U+01AF	Ư	0xc6 0xaf	LATIN CAPITAL LETTER U WITH HORN	LATIN CAPITAL LETTER U HORN
U+01B0	ư	0xc6 0xb0	LATIN SMALL LETTER U WITH HORN	LATIN SMALL LETTER U HORN
U+01B1	Ʊ	0xc6 0xb1	LATIN CAPITAL LETTER UPSILON	
U+01B2	Ʋ	0xc6 0xb2	LATIN CAPITAL LETTER V WITH HOOK	LATIN CAPITAL LETTER SCRIPT V
U+01B3	Ƴ	0xc6 0xb3	LATIN CAPITAL LETTER Y WITH HOOK	LATIN CAPITAL LETTER Y HOOK
U+01B4	ƴ	0xc6 0xb4	LATIN SMALL LETTER Y WITH HOOK	LATIN SMALL LETTER Y HOOK
U+01B5	Ƶ	0xc6 0xb5	LATIN CAPITAL LETTER Z WITH STROKE	LATIN CAPITAL LETTER Z BAR
U+01B6	ƶ	0xc6 0xb6	LATIN SMALL LETTER Z WITH STROKE	LATIN SMALL LETTER Z BAR
U+01B7	Ʒ	0xc6 0xb7	LATIN CAPITAL LETTER EZH	LATIN CAPITAL LETTER YOGH
U+01B8	Ƹ	0xc6 0xb8	LATIN CAPITAL LETTER EZH REVERSED	LATIN CAPITAL LETTER REVERSED YOGH
U+01B9	ƹ	0xc6 0xb9	LATIN SMALL LETTER EZH REVERSED	LATIN SMALL LETTER REVERSED YOGH
U+01BA	ƺ	0xc6 0xba	LATIN SMALL LETTER EZH WITH TAIL	LATIN SMALL LETTER YOGH WITH TAIL
U+01BB	ƻ	0xc6 0xbb	LATIN LETTER TWO WITH STROKE	LATIN LETTER TWO BAR
U+01BC	Ƽ	0xc6 0xbc	LATIN CAPITAL LETTER TONE FIVE	
U+01BD	ƽ	0xc6 0xbd	LATIN SMALL LETTER TONE FIVE	
U+01BE	ƾ	0xc6 0xbe	LATIN LETTER INVERTED GLOTTAL STOP WITH STROKE	LATIN LETTER INVERTED GLOTTAL STOP BAR
U+01BF	ƿ	0xc6 0xbf	LATIN LETTER WYNN	
U+01C0	ǀ	0xc7 0x80	LATIN LETTER DENTAL CLICK	LATIN LETTER PIPE
U+01C1	ǁ	0xc7 0x81	LATIN LETTER LATERAL CLICK	LATIN LETTER DOUBLE PIPE
U+01C2	ǂ	0xc7 0x82	LATIN LETTER ALVEOLAR CLICK	LATIN LETTER PIPE DOUBLE BAR
U+01C3	ǃ	0xc7 0x83	LATIN LETTER RETROFLEX CLICK	LATIN LETTER EXCLAMATION MARK
U+01C4	Ǆ	0xc7 0x84	LATIN CAPITAL LETTER DZ WITH CARON	LATIN CAPITAL LETTER D Z HACEK
U+01C5	ǅ	0xc7 0x85	LATIN CAPITAL LETTER D WITH SMALL LETTER Z WITH CARON	LATIN LETTER CAPITAL D SMALL Z HACEK
U+01C6	ǆ	0xc7 0x86	LATIN SMALL LETTER DZ WITH CARON	LATIN SMALL LETTER D Z HACEK
U+01C7	Ǉ	0xc7 0x87	LATIN CAPITAL LETTER LJ	LATIN CAPITAL LETTER L J
U+01C8	ǈ	0xc7 0x88	LATIN CAPITAL LETTER L WITH SMALL LETTER J	LATIN LETTER CAPITAL L SMALL J
U+01C9	ǉ	0xc7 0x89	LATIN SMALL LETTER LJ	LATIN SMALL LETTER L J
U+01CA	Ǌ	0xc7 0x8a	LATIN CAPITAL LETTER NJ	LATIN CAPITAL LETTER N J
U+01CB	ǋ	0xc7 0x8b	LATIN CAPITAL LETTER N WITH SMALL LETTER J	LATIN LETTER CAPITAL N SMALL J
U+01CC	ǌ	0xc7 0x8c	LATIN SMALL LETTER NJ	LATIN SMALL LETTER N J
U+01CD	Ǎ	0xc7 0x8d	LATIN CAPITAL LETTER A WITH CARON	LATIN CAPITAL LETTER A HACEK
U+01CE	ǎ	0xc7 0x8e	LATIN SMALL LETTER A WITH CARON	LATIN SMALL LETTER A HACEK
U+01CF	Ǐ	0xc7 0x8f	LATIN CAPITAL LETTER I WITH CARON	LATIN CAPITAL LETTER I HACEK
U+01D0	ǐ	0xc7 0x90	LATIN SMALL LETTER I WITH CARON	LATIN SMALL LETTER I HACEK
U+01D1	Ǒ	0xc7 0x91	LATIN CAPITAL LETTER O WITH CARON	LATIN CAPITAL LETTER O HACEK
U+01D2	ǒ	0xc7 0x92	LATIN SMALL LETTER O WITH CARON	LATIN SMALL LETTER O HACEK
U+01D3	Ǔ	0xc7 0x93	LATIN CAPITAL LETTER U WITH CARON	LATIN CAPITAL LETTER U HACEK
U+01D4	ǔ	0xc7 0x94	LATIN SMALL LETTER U WITH CARON	LATIN SMALL LETTER U HACEK
U+01D5	Ǖ	0xc7 0x95	LATIN CAPITAL LETTER U WITH DIAERESIS AND MACRON	LATIN CAPITAL LETTER U DIAERESIS MACRON
U+01D6	ǖ	0xc7 0x96	LATIN SMALL LETTER U WITH DIAERESIS AND MACRON	LATIN SMALL LETTER U DIAERESIS MACRON
U+01D7	Ǘ	0xc7 0x97	LATIN CAPITAL LETTER U WITH DIAERESIS AND ACUTE	LATIN CAPITAL LETTER U DIAERESIS ACUTE
U+01D8	ǘ	0xc7 0x98	LATIN SMALL LETTER U WITH DIAERESIS AND ACUTE	LATIN SMALL LETTER U DIAERESIS ACUTE
U+01D9	Ǚ	0xc7 0x99	LATIN CAPITAL LETTER U WITH DIAERESIS AND CARON	LATIN CAPITAL LETTER U DIAERESIS HACEK
U+01DA	ǚ	0xc7 0x9a	LATIN SMALL LETTER U WITH DIAERESIS AND CARON	LATIN SMALL LETTER U DIAERESIS HACEK
U+01DB	Ǜ	0xc7 0x9b	LATIN CAPITAL LETTER U WITH DIAERESIS AND GRAVE	LATIN CAPITAL LETTER U DIAERESIS GRAVE
U+01DC	ǜ	0xc7 0x9c	LATIN SMALL LETTER U WITH DIAERESIS AND GRAVE	LATIN SMALL LETTER U DIAERESIS GRAVE
U+01DD	ǝ	0xc7 0x9d	LATIN SMALL LETTER TURNED E	
U+01DE	Ǟ	0xc7 0x9e	LATIN CAPITAL LETTER A WITH DIAERESIS AND MACRON	LATIN CAPITAL LETTER A DIAERESIS MACRON
U+01DF	ǟ	0xc7 0x9f	LATIN SMALL LETTER A WITH DIAERESIS AND MACRON	LATIN SMALL LETTER A DIAERESIS MACRON
U+01E0	Ǡ	0xc7 0xa0	LATIN CAPITAL LETTER A WITH DOT ABOVE AND MACRON	LATIN CAPITAL LETTER A DOT MACRON
U+01E1	ǡ	0xc7 0xa1	LATIN SMALL LETTER A WITH DOT ABOVE AND MACRON	LATIN SMALL LETTER A DOT MACRON
U+01E2	Ǣ	0xc7 0xa2	LATIN CAPITAL LETTER AE WITH MACRON	LATIN CAPITAL LETTER A E MACRON
U+01E3	ǣ	0xc7 0xa3	LATIN SMALL LETTER AE WITH MACRON	LATIN SMALL LETTER A E MACRON
U+01E4	Ǥ	0xc7 0xa4	LATIN CAPITAL LETTER G WITH STROKE	LATIN CAPITAL LETTER G BAR
U+01E5	ǥ	0xc7 0xa5	LATIN SMALL LETTER G WITH STROKE	LATIN SMALL LETTER G BAR
U+01E6	Ǧ	0xc7 0xa6	LATIN CAPITAL LETTER G WITH CARON	LATIN CAPITAL LETTER G HACEK
U+01E7	ǧ	0xc7 0xa7	LATIN SMALL LETTER G WITH CARON	LATIN SMALL LETTER G HACEK
U+01E8	Ǩ	0xc7 0xa8	LATIN CAPITAL LETTER K WITH CARON	LATIN CAPITAL LETTER K HACEK
U+01E9	ǩ	0xc7 0xa9	LATIN SMALL LETTER K WITH CARON	LATIN SMALL LETTER K HACEK
U+01EA	Ǫ	0xc7 0xaa	LATIN CAPITAL LETTER O WITH OGONEK	LATIN CAPITAL LETTER O OGONEK
U+01EB	ǫ	0xc7 0xab	LATIN SMALL LETTER O WITH OGONEK	LATIN SMALL LETTER O OGONEK
U+01EC	Ǭ	0xc7 0xac	LATIN CAPITAL LETTER O WITH OGONEK AND MACRON	LATIN CAPITAL LETTER O OGONEK MACRON
U+01ED	ǭ	0xc7 0xad	LATIN SMALL LETTER O WITH OGONEK AND MACRON	LATIN SMALL LETTER O OGONEK MACRON
U+01EE	Ǯ	0xc7 0xae	LATIN CAPITAL LETTER EZH WITH CARON	LATIN CAPITAL LETTER YOGH HACEK
U+01EF	ǯ	0xc7 0xaf	LATIN SMALL LETTER EZH WITH CARON	LATIN SMALL LETTER YOGH HACEK
U+01F0	ǰ	0xc7 0xb0	LATIN SMALL LETTER J WITH CARON	LATIN SMALL LETTER J HACEK
U+01F1	Ǳ	0xc7 0xb1	LATIN CAPITAL LETTER DZ	
U+01F2	ǲ	0xc7 0xb2	LATIN CAPITAL LETTER D WITH SMALL LETTER Z	
U+01F3	ǳ	0xc7 0xb3	LATIN SMALL LETTER DZ	
U+01F4	Ǵ	0xc7 0xb4	LATIN CAPITAL LETTER G WITH ACUTE	
U+01F5	ǵ	0xc7 0xb5	LATIN SMALL LETTER G WITH ACUTE	
U+01F6	Ƕ	0xc7 0xb6	LATIN CAPITAL LETTER HWAIR	
U+01F7	Ƿ	0xc7 0xb7	LATIN CAPITAL LETTER WYNN	
U+01F8	Ǹ	0xc7 0xb8	LATIN CAPITAL LETTER N WITH GRAVE	
U+01F9	ǹ	0xc7 0xb9	LATIN SMALL LETTER N WITH GRAVE	
U+01FA	Ǻ	0xc7 0xba	LATIN CAPITAL LETTER A WITH RING ABOVE AND ACUTE	
U+01FB	ǻ	0xc7 0xbb	LATIN SMALL LETTER A WITH RING ABOVE AND ACUTE	
U+01FC	Ǽ	0xc7 0xbc	LATIN CAPITAL LETTER AE WITH ACUTE	
U+01FD	ǽ	0xc7 0xbd	LATIN SMALL LETTER AE WITH ACUTE	
U+01FE	Ǿ	0xc7 0xbe	LATIN CAPITAL LETTER O WITH STROKE AND ACUTE	
U+01FF	ǿ	0xc7 0xbf	LATIN SMALL LETTER O WITH STROKE AND ACUTE	
U+0200	Ȁ	0xc8 0x80	LATIN CAPITAL LETTER A WITH DOUBLE GRAVE	
U+0201	ȁ	0xc8 0x81	LATIN SMALL LETTER A WITH DOUBLE GRAVE	
U+0202	Ȃ	0xc8 0x82	LATIN CAPITAL LETTER A WITH INVERTED BREVE	
U+0203	ȃ	0xc8 0x83	LATIN SMALL LETTER A WITH INVERTED BREVE	
U+0204	Ȅ	0xc8 0x84	LATIN CAPITAL LETTER E WITH DOUBLE GRAVE	
U+0205	ȅ	0xc8 0x85	LATIN SMALL LETTER E WITH DOUBLE GRAVE	
U+0206	Ȇ	0xc8 0x86	LATIN CAPITAL LETTER E WITH INVERTED BREVE	
U+0207	ȇ	0xc8 0x87	LATIN SMALL LETTER E WITH INVERTED BREVE	
U+0208	Ȉ	0xc8 0x88	LATIN CAPITAL LETTER I WITH DOUBLE GRAVE	
U+0209	ȉ	0xc8 0x89	LATIN SMALL LETTER I WITH DOUBLE GRAVE	
U+020A	Ȋ	0xc8 0x8a	LATIN CAPITAL LETTER I WITH INVERTED BREVE	
U+020B	ȋ	0xc8 0x8b	LATIN SMALL LETTER I WITH INVERTED BREVE	
U+020C	Ȍ	0xc8 0x8c	LATIN CAPITAL LETTER O WITH DOUBLE GRAVE	
U+020D	ȍ	0xc8 0x8d	LATIN SMALL LETTER O WITH DOUBLE GRAVE	
U+020E	Ȏ	0xc8 0x8e	LATIN CAPITAL LETTER O WITH INVERTED BREVE	
U+020F	ȏ	0xc8 0x8f	LATIN SMALL LETTER O WITH INVERTED BREVE	
U+0210	Ȑ	0xc8 0x90	LATIN CAPITAL LETTER R WITH DOUBLE GRAVE	
U+0211	ȑ	0xc8 0x91	LATIN SMALL LETTER R WITH DOUBLE GRAVE	
U+0212	Ȓ	0xc8 0x92	LATIN CAPITAL LETTER R WITH INVERTED BREVE	
U+0213	ȓ	0xc8 0x93	LATIN SMALL LETTER R WITH INVERTED BREVE	
U+0214	Ȕ	0xc8 0x94	LATIN CAPITAL LETTER U WITH DOUBLE GRAVE	
U+0215	ȕ	0xc8 0x95	LATIN SMALL LETTER U WITH DOUBLE GRAVE	
U+0216	Ȗ	0xc8 0x96	LATIN CAPITAL LETTER U WITH INVERTED BREVE	
U+0217	ȗ	0xc8 0x97	LATIN SMALL LETTER U WITH INVERTED BREVE	
U+0218	Ș	0xc8 0x98	LATIN CAPITAL LETTER S WITH COMMA BELOW	
U+0219	ș	0xc8 0x99	LATIN SMALL LETTER S WITH COMMA BELOW	
U+021A	Ț	0xc8 0x9a	LATIN CAPITAL LETTER T WITH COMMA BELOW	
U+021B	ț	0xc8 0x9b	LATIN SMALL LETTER T WITH COMMA BELOW	
U+021C	Ȝ	0xc8 0x9c	LATIN CAPITAL LETTER YOGH	
U+021D	ȝ	0xc8 0x9d	LATIN SMALL LETTER YOGH	
U+021E	Ȟ	0xc8 0x9e	LATIN CAPITAL LETTER H WITH CARON	
U+021F	ȟ	0xc8 0x9f	LATIN SMALL LETTER H WITH CARON	
U+0220	Ƞ	0xc8 0xa0	LATIN CAPITAL LETTER N WITH LONG RIGHT LEG	
U+0221	ȡ	0xc8 0xa1	LATIN SMALL LETTER D WITH CURL	
U+0222	Ȣ	0xc8 0xa2	LATIN CAPITAL LETTER OU	
U+0223	ȣ	0xc8 0xa3	LATIN SMALL LETTER OU	
U+0224	Ȥ	0xc8 0xa4	LATIN CAPITAL LETTER Z WITH HOOK	
U+0225	ȥ	0xc8 0xa5	LATIN SMALL LETTER Z WITH HOOK	
U+0226	Ȧ	0xc8 0xa6	LATIN CAPITAL LETTER A WITH DOT ABOVE	
U+0227	ȧ	0xc8 0xa7	LATIN SMALL LETTER A WITH DOT ABOVE	
U+0228	Ȩ	0xc8 0xa8	LATIN CAPITAL LETTER E WITH CEDILLA	
U+0229	ȩ	0xc8 0xa9	LATIN SMALL LETTER E WITH CEDILLA	
U+022A	Ȫ	0xc8 0xaa	LATIN CAPITAL LETTER O WITH DIAERESIS AND MACRON	
U+022B	ȫ	0xc8 0xab	LATIN SMALL LETTER O WITH DIAERESIS AND MACRON	
U+022C	Ȭ	0xc8 0xac	LATIN CAPITAL LETTER O WITH TILDE AND MACRON	
U+022D	ȭ	0xc8 0xad	LATIN SMALL LETTER O WITH TILDE AND MACRON	
U+022E	Ȯ	0xc8 0xae	LATIN CAPITAL LETTER O WITH DOT ABOVE	
U+022F	ȯ	0xc8 0xaf	LATIN SMALL LETTER O WITH DOT ABOVE	
U+0230	Ȱ	0xc8 0xb0	LATIN CAPITAL LETTER O WITH DOT ABOVE AND MACRON	
U+0231	ȱ	0xc8 0xb1	LATIN SMALL LETTER O WITH DOT ABOVE AND MACRON	
U+0232	Ȳ	0xc8 0xb2	LATIN CAPITAL LETTER Y WITH MACRON	
U+0233	ȳ	0xc8 0xb3	LATIN SMALL LETTER Y WITH MACRON	
U+0234	ȴ	0xc8 0xb4	LATIN SMALL LETTER L WITH CURL	
U+0235	ȵ	0xc8 0xb5	LATIN SMALL LETTER N WITH CURL	
U+0236	ȶ	0xc8 0xb6	LATIN SMALL LETTER T WITH CURL	
U+0237	ȷ	0xc8 0xb7	LATIN SMALL LETTER DOTLESS J	
U+0238	ȸ	0xc8 0xb8	LATIN SMALL LETTER DB DIGRAPH	
U+0239	ȹ	0xc8 0xb9	LATIN SMALL LETTER QP DIGRAPH	
U+023A	Ⱥ	0xc8 0xba	LATIN CAPITAL LETTER A WITH STROKE	
U+023B	Ȼ	0xc8 0xbb	LATIN CAPITAL LETTER C WITH STROKE	
U+023C	ȼ	0xc8 0xbc	LATIN SMALL LETTER C WITH STROKE	
U+023D	Ƚ	0xc8 0xbd	LATIN CAPITAL LETTER L WITH BAR	
U+023E	Ⱦ	0xc8 0xbe	LATIN CAPITAL LETTER T WITH DIAGONAL STROKE	
U+023F	ȿ	0xc8 0xbf	LATIN SMALL LETTER S WITH SWASH TAIL	
U+0240	ɀ	0xc9 0x80	LATIN SMALL LETTER Z WITH SWASH TAIL	
U+0241	Ɂ	0xc9 0x81	LATIN CAPITAL LETTER GLOTTAL STOP	
U+0242	ɂ	0xc9 0x82	LATIN SMALL LETTER GLOTTAL STOP	
U+0243	Ƀ	0xc9 0x83	LATIN CAPITAL LETTER B WITH STROKE	
U+0244	Ʉ	0xc9 0x84	LATIN CAPITAL LETTER U BAR	
U+0245	Ʌ	0xc9 0x85	LATIN CAPITAL LETTER TURNED V	
U+0246	Ɇ	0xc9 0x86	LATIN CAPITAL LETTER E WITH STROKE	
U+0247	ɇ	0xc9 0x87	LATIN SMALL LETTER E WITH STROKE	
U+0248	Ɉ	0xc9 0x88	LATIN CAPITAL LETTER J WITH STROKE	
U+0249	ɉ	0xc9 0x89	LATIN SMALL LETTER J WITH STROKE	
U+024A	Ɋ	0xc9 0x8a	LATIN CAPITAL LETTER SMALL Q WITH HOOK TAIL	
U+024B	ɋ	0xc9 0x8b	LATIN SMALL LETTER Q WITH HOOK TAIL	
U+024C	Ɍ	0xc9 0x8c	LATIN CAPITAL LETTER R WITH STROKE	
U+024D	ɍ	0xc9 0x8d	LATIN SMALL LETTER R WITH STROKE	
U+024E	Ɏ	0xc9 0x8e	LATIN CAPITAL LETTER Y WITH STROKE	
U+024F	ɏ	0xc9 0x8f	LATIN SMALL LETTER Y WITH STROKE	
U+0250	ɐ	0xc9 0x90	LATIN SMALL LETTER TURNED A	
U+0251	ɑ	0xc9 0x91	LATIN SMALL LETTER ALPHA	LATIN SMALL LETTER SCRIPT A
U+0252	ɒ	0xc9 0x92	LATIN SMALL LETTER TURNED ALPHA	LATIN SMALL LETTER TURNED SCRIPT A
U+0253	ɓ	0xc9 0x93	LATIN SMALL LETTER B WITH HOOK	LATIN SMALL LETTER B HOOK
U+0254	ɔ	0xc9 0x94	LATIN SMALL LETTER OPEN O	
U+0255	ɕ	0xc9 0x95	LATIN SMALL LETTER C WITH CURL	LATIN SMALL LETTER C CURL
U+0256	ɖ	0xc9 0x96	LATIN SMALL LETTER D WITH TAIL	LATIN SMALL LETTER D RETROFLEX HOOK
U+0257	ɗ	0xc9 0x97	LATIN SMALL LETTER D WITH HOOK	LATIN SMALL LETTER D HOOK
U+0258	ɘ	0xc9 0x98	LATIN SMALL LETTER REVERSED E	
U+0259	ə	0xc9 0x99	LATIN SMALL LETTER SCHWA	
U+025A	ɚ	0xc9 0x9a	LATIN SMALL LETTER SCHWA WITH HOOK	LATIN SMALL LETTER SCHWA HOOK
U+025B	ɛ	0xc9 0x9b	LATIN SMALL LETTER OPEN E	LATIN SMALL LETTER EPSILON
U+025C	ɜ	0xc9 0x9c	LATIN SMALL LETTER REVERSED OPEN E	LATIN SMALL LETTER REVERSED EPSILON
U+025D	ɝ	0xc9 0x9d	LATIN SMALL LETTER REVERSED OPEN E WITH HOOK	LATIN SMALL LETTER REVERSED EPSILON HOOK
U+025E	ɞ	0xc9 0x9e	LATIN SMALL LETTER CLOSED REVERSED OPEN E	LATIN SMALL LETTER CLOSED REVERSED EPSILON
U+025F	ɟ	0xc9 0x9f	LATIN SMALL LETTER DOTLESS J WITH STROKE	LATIN SMALL LETTER DOTLESS J BAR
U+0260	ɠ	0xc9 0xa0	LATIN SMALL LETTER G WITH HOOK	LATIN SMALL LETTER G HOOK
U+0261	ɡ	0xc9 0xa1	LATIN SMALL LETTER SCRIPT G	
U+0262	ɢ	0xc9 0xa2	LATIN LETTER SMALL CAPITAL G	
U+0263	ɣ	0xc9 0xa3	LATIN SMALL LETTER GAMMA	
U+0264	ɤ	0xc9 0xa4	LATIN SMALL LETTER RAMS HORN	LATIN SMALL LETTER BABY GAMMA
U+0265	ɥ	0xc9 0xa5	LATIN SMALL LETTER TURNED H	
U+0266	ɦ	0xc9 0xa6	LATIN SMALL LETTER H WITH HOOK	LATIN SMALL LETTER H HOOK
U+0267	ɧ	0xc9 0xa7	LATIN SMALL LETTER HENG WITH HOOK	LATIN SMALL LETTER HENG HOOK
U+0268	ɨ	0xc9 0xa8	LATIN SMALL LETTER I WITH STROKE	LATIN SMALL LETTER BARRED I
U+0269	ɩ	0xc9 0xa9	LATIN SMALL LETTER IOTA	
U+026A	ɪ	0xc9 0xaa	LATIN LETTER SMALL CAPITAL I	
U+026B	ɫ	0xc9 0xab	LATIN SMALL LETTER L WITH MIDDLE TILDE	
U+026C	ɬ	0xc9 0xac	LATIN SMALL LETTER L WITH BELT	LATIN SMALL LETTER L BELT
U+026D	ɭ	0xc9 0xad	LATIN SMALL LETTER L WITH RETROFLEX HOOK	LATIN SMALL LETTER L RETROFLEX HOOK
U+026E	ɮ	0xc9 0xae	LATIN SMALL LETTER LEZH	LATIN SMALL LETTER L YOGH
U+026F	ɯ	0xc9 0xaf	LATIN SMALL LETTER TURNED M	
U+0270	ɰ	0xc9 0xb0	LATIN SMALL LETTER TURNED M WITH LONG LEG	
U+0271	ɱ	0xc9 0xb1	LATIN SMALL LETTER M WITH HOOK	LATIN SMALL LETTER M HOOK
U+0272	ɲ	0xc9 0xb2	LATIN SMALL LETTER N WITH LEFT HOOK	LATIN SMALL LETTER N HOOK
U+0273	ɳ	0xc9 0xb3	LATIN SMALL LETTER N WITH RETROFLEX HOOK	LATIN SMALL LETTER N RETROFLEX HOOK
U+0274	ɴ	0xc9 0xb4	LATIN LETTER SMALL CAPITAL N	
U+0275	ɵ	0xc9 0xb5	LATIN SMALL LETTER BARRED O	
U+0276	ɶ	0xc9 0xb6	LATIN LETTER SMALL CAPITAL OE	LATIN LETTER SMALL CAPITAL O E
U+0277	ɷ	0xc9 0xb7	LATIN SMALL LETTER CLOSED OMEGA	
U+0278	ɸ	0xc9 0xb8	LATIN SMALL LETTER PHI	
U+0279	ɹ	0xc9 0xb9	LATIN SMALL LETTER TURNED R	
U+027A	ɺ	0xc9 0xba	LATIN SMALL LETTER TURNED R WITH LONG LEG	
U+027B	ɻ	0xc9 0xbb	LATIN SMALL LETTER TURNED R WITH HOOK	LATIN SMALL LETTER TURNED R HOOK
U+027C	ɼ	0xc9 0xbc	LATIN SMALL LETTER R WITH LONG LEG	
U+027D	ɽ	0xc9 0xbd	LATIN SMALL LETTER R WITH TAIL	LATIN SMALL LETTER R HOOK
U+027E	ɾ	0xc9 0xbe	LATIN SMALL LETTER R WITH FISHHOOK	LATIN SMALL LETTER FISHHOOK R
U+027F	ɿ	0xc9 0xbf	LATIN SMALL LETTER REVERSED R WITH FISHHOOK	LATIN SMALL LETTER REVERSED FISHHOOK R
U+0280	ʀ	0xca 0x80	LATIN LETTER SMALL CAPITAL R	
U+0281	ʁ	0xca 0x81	LATIN LETTER SMALL CAPITAL INVERTED R	
U+0282	ʂ	0xca 0x82	LATIN SMALL LETTER S WITH HOOK	LATIN SMALL LETTER S HOOK
U+0283	ʃ	0xca 0x83	LATIN SMALL LETTER ESH	
U+0284	ʄ	0xca 0x84	LATIN SMALL LETTER DOTLESS J WITH STROKE AND HOOK	LATIN SMALL LETTER DOTLESS J BAR HOOK
U+0285	ʅ	0xca 0x85	LATIN SMALL LETTER SQUAT REVERSED ESH	
U+0286	ʆ	0xca 0x86	LATIN SMALL LETTER ESH WITH CURL	LATIN SMALL LETTER ESH CURL
U+0287	ʇ	0xca 0x87	LATIN SMALL LETTER TURNED T	
U+0288	ʈ	0xca 0x88	LATIN SMALL LETTER T WITH RETROFLEX HOOK	LATIN SMALL LETTER T RETROFLEX HOOK
U+0289	ʉ	0xca 0x89	LATIN SMALL LETTER U BAR	
U+028A	ʊ	0xca 0x8a	LATIN SMALL LETTER UPSILON	
U+028B	ʋ	0xca 0x8b	LATIN SMALL LETTER V WITH HOOK	LATIN SMALL LETTER SCRIPT V
U+028C	ʌ	0xca 0x8c	LATIN SMALL LETTER TURNED V	
U+028D	ʍ	0xca 0x8d	LATIN SMALL LETTER TURNED W	
U+028E	ʎ	0xca 0x8e	LATIN SMALL LETTER TURNED Y	
U+028F	ʏ	0xca 0x8f	LATIN LETTER SMALL CAPITAL Y	
U+0290	ʐ	0xca 0x90	LATIN SMALL LETTER Z WITH RETROFLEX HOOK	LATIN SMALL LETTER Z RETROFLEX HOOK
U+0291	ʑ	0xca 0x91	LATIN SMALL LETTER Z WITH CURL	LATIN SMALL LETTER Z CURL
U+0292	ʒ	0xca 0x92	LATIN SMALL LETTER EZH	LATIN SMALL LETTER YOGH
U+0293	ʓ	0xca 0x93	LATIN SMALL LETTER EZH WITH CURL	LATIN SMALL LETTER YOGH CURL
U+0294	ʔ	0xca 0x94	LATIN LETTER GLOTTAL STOP	
U+0295	ʕ	0xca 0x95	LATIN LETTER PHARYNGEAL VOICED FRICATIVE	LATIN LETTER REVERSED GLOTTAL STOP
U+0296	ʖ	0xca 0x96	LATIN LETTER INVERTED GLOTTAL STOP	
U+0297	ʗ	0xca 0x97	LATIN LETTER STRETCHED C	
U+0298	ʘ	0xca 0x98	LATIN LETTER BILABIAL CLICK	LATIN LETTER BULLSEYE
U+0299	ʙ	0xca 0x99	LATIN LETTER SMALL CAPITAL B	
U+029A	ʚ	0xca 0x9a	LATIN SMALL LETTER CLOSED OPEN E	LATIN SMALL LETTER CLOSED EPSILON
U+029B	ʛ	0xca 0x9b	LATIN LETTER SMALL CAPITAL G WITH HOOK	LATIN LETTER SMALL CAPITAL G HOOK
U+029C	ʜ	0xca 0x9c	LATIN LETTER SMALL CAPITAL H	
U+029D	ʝ	0xca 0x9d	LATIN SMALL LETTER J WITH CROSSED-TAIL	LATIN SMALL LETTER CROSSED-TAIL J
U+029E	ʞ	0xca 0x9e	LATIN SMALL LETTER TURNED K	
U+029F	ʟ	0xca 0x9f	LATIN LETTER SMALL CAPITAL L	
U+02A0	ʠ	0xca 0xa0	LATIN SMALL LETTER Q WITH HOOK	LATIN SMALL LETTER Q HOOK
U+02A1	ʡ	0xca 0xa1	LATIN LETTER GLOTTAL STOP WITH STROKE	LATIN LETTER GLOTTAL STOP BAR
U+02A2	ʢ	0xca 0xa2	LATIN LETTER REVERSED GLOTTAL STOP WITH STROKE	LATIN LETTER REVERSED GLOTTAL STOP BAR
U+02A3	ʣ	0xca 0xa3	LATIN SMALL LETTER DZ DIGRAPH	LATIN SMALL LETTER D Z
U+02A4	ʤ	0xca 0xa4	LATIN SMALL LETTER DEZH DIGRAPH	LATIN SMALL LETTER D YOGH
U+02A5	ʥ	0xca 0xa5	LATIN SMALL LETTER DZ DIGRAPH WITH CURL	LATIN SMALL LETTER D Z CURL
U+02A6	ʦ	0xca 0xa6	LATIN SMALL LETTER TS DIGRAPH	LATIN SMALL LETTER T S
U+02A7	ʧ	0xca 0xa7	LATIN SMALL LETTER TESH DIGRAPH	LATIN SMALL LETTER T ESH
U+02A8	ʨ	0xca 0xa8	LATIN SMALL LETTER TC DIGRAPH WITH CURL	LATIN SMALL LETTER T C CURL
U+02A9	ʩ	0xca 0xa9	LATIN SMALL LETTER FENG DIGRAPH	
U+02AA	ʪ	0xca 0xaa	LATIN SMALL LETTER LS DIGRAPH	
U+02AB	ʫ	0xca 0xab	LATIN SMALL LETTER LZ DIGRAPH	
U+02AC	ʬ	0xca 0xac	LATIN LETTER BILABIAL PERCUSSIVE	
U+02AD	ʭ	0xca 0xad	LATIN LETTER BIDENTAL PERCUSSIVE	
U+02AE	ʮ	0xca 0xae	LATIN SMALL LETTER TURNED H WITH FISHHOOK	
U+02AF	ʯ	0xca 0xaf	LATIN SMALL LETTER TURNED H WITH FISHHOOK AND TAIL	
U+02B0	ʰ	0xca 0xb0	MODIFIER LETTER SMALL H	
U+02B1	ʱ	0xca 0xb1	MODIFIER LETTER SMALL H WITH HOOK	MODIFIER LETTER SMALL H HOOK
U+02B2	ʲ	0xca 0xb2	MODIFIER LETTER SMALL J	
U+02B3	ʳ	0xca 0xb3	MODIFIER LETTER SMALL R	
U+02B4	ʴ	0xca 0xb4	MODIFIER LETTER SMALL TURNED R	
U+02B5	ʵ	0xca 0xb5	MODIFIER LETTER SMALL TURNED R WITH HOOK	MODIFIER LETTER SMALL TURNED R HOOK
U+02B6	ʶ	0xca 0xb6	MODIFIER LETTER SMALL CAPITAL INVERTED R	
U+02B7	ʷ	0xca 0xb7	MODIFIER LETTER SMALL W	
U+02B8	ʸ	0xca 0xb8	MODIFIER LETTER SMALL Y	
U+02B9	ʹ	0xca 0xb9	MODIFIER LETTER PRIME	
U+02BA	ʺ	0xca 0xba	MODIFIER LETTER DOUBLE PRIME	
U+02BB	ʻ	0xca 0xbb	MODIFIER LETTER TURNED COMMA	
U+02BC	ʼ	0xca 0xbc	MODIFIER LETTER APOSTROPHE	
U+02BD	ʽ	0xca 0xbd	MODIFIER LETTER REVERSED COMMA	
U+02BE	ʾ	0xca 0xbe	MODIFIER LETTER RIGHT HALF RING	
U+02BF	ʿ	0xca 0xbf	MODIFIER LETTER LEFT HALF RING	
U+02C0	ˀ	0xcb 0x80	MODIFIER LETTER GLOTTAL STOP	
U+02C1	ˁ	0xcb 0x81	MODIFIER LETTER REVERSED GLOTTAL STOP	
U+02C2	˂	0xcb 0x82	MODIFIER LETTER LEFT ARROWHEAD	
U+02C3	˃	0xcb 0x83	MODIFIER LETTER RIGHT ARROWHEAD	
U+02C4	˄	0xcb 0x84	MODIFIER LETTER UP ARROWHEAD	
U+02C5	˅	0xcb 0x85	MODIFIER LETTER DOWN ARROWHEAD	
U+02C6	ˆ	0xcb 0x86	MODIFIER LETTER CIRCUMFLEX ACCENT	MODIFIER LETTER CIRCUMFLEX
U+02C7	ˇ	0xcb 0x87	CARON	MODIFIER LETTER HACEK
U+02C8	ˈ	0xcb 0x88	MODIFIER LETTER VERTICAL LINE	
U+02C9	ˉ	0xcb 0x89	MODIFIER LETTER MACRON	
U+02CA	ˊ	0xcb 0x8a	MODIFIER LETTER ACUTE ACCENT	MODIFIER LETTER ACUTE
U+02CB	ˋ	0xcb 0x8b	MODIFIER LETTER GRAVE ACCENT	MODIFIER LETTER GRAVE
U+02CC	ˌ	0xcb 0x8c	MODIFIER LETTER LOW VERTICAL LINE	
U+02CD	ˍ	0xcb 0x8d	MODIFIER LETTER LOW MACRON	
U+02CE	ˎ	0xcb 0x8e	MODIFIER LETTER LOW GRAVE ACCENT	MODIFIER LETTER LOW GRAVE
U+02CF	ˏ	0xcb 0x8f	MODIFIER LETTER LOW ACUTE ACCENT	MODIFIER LETTER LOW ACUTE
U+02D0	ː	0xcb 0x90	MODIFIER LETTER TRIANGULAR COLON	
U+02D1	ˑ	0xcb 0x91	MODIFIER LETTER HALF TRIANGULAR COLON	
U+02D2	˒	0xcb 0x92	MODIFIER LETTER CENTRED RIGHT HALF RING	MODIFIER LETTER CENTERED RIGHT HALF RING
U+02D3	˓	0xcb 0x93	MODIFIER LETTER CENTRED LEFT HALF RING	MODIFIER LETTER CENTERED LEFT HALF RING
U+02D4	˔	0xcb 0x94	MODIFIER LETTER UP TACK	
U+02D5	˕	0xcb 0x95	MODIFIER LETTER DOWN TACK	
U+02D6	˖	0xcb 0x96	MODIFIER LETTER PLUS SIGN	
U+02D7	˗	0xcb 0x97	MODIFIER LETTER MINUS SIGN	
U+02D8	˘	0xcb 0x98	BREVE	SPACING BREVE
U+02D9	˙	0xcb 0x99	DOT ABOVE	SPACING DOT ABOVE
U+02DA	˚	0xcb 0x9a	RING ABOVE	SPACING RING ABOVE
U+02DB	˛	0xcb 0x9b	OGONEK	SPACING OGONEK
U+02DC	˜	0xcb 0x9c	SMALL TILDE	SPACING TILDE
U+02DD	˝	0xcb 0x9d	DOUBLE ACUTE ACCENT	SPACING DOUBLE ACUTE
U+02DE	˞	0xcb 0x9e	MODIFIER LETTER RHOTIC HOOK	
U+02DF	˟	0xcb 0x9f	MODIFIER LETTER CROSS ACCENT	
U+02E0	ˠ	0xcb 0xa0	MODIFIER LETTER SMALL GAMMA	
U+02E1	ˡ	0xcb 0xa1	MODIFIER LETTER SMALL L	
U+02E2	ˢ	0xcb 0xa2	MODIFIER LETTER SMALL S	
U+02E3	ˣ	0xcb 0xa3	MODIFIER LETTER SMALL X	
U+02E4	ˤ	0xcb 0xa4	MODIFIER LETTER SMALL REVERSED GLOTTAL STOP	
U+02E5	˥	0xcb 0xa5	MODIFIER LETTER EXTRA-HIGH TONE BAR	
U+02E6	˦	0xcb 0xa6	MODIFIER LETTER HIGH TONE BAR	
U+02E7	˧	0xcb 0xa7	MODIFIER LETTER MID TONE BAR	
U+02E8	˨	0xcb 0xa8	MODIFIER LETTER LOW TONE BAR	
U+02E9	˩	0xcb 0xa9	MODIFIER LETTER EXTRA-LOW TONE BAR	
U+02EA	˪	0xcb 0xaa	MODIFIER LETTER YIN DEPARTING TONE MARK	
U+02EB	˫	0xcb 0xab	MODIFIER LETTER YANG DEPARTING TONE MARK	
U+02EC	ˬ	0xcb 0xac	MODIFIER LETTER VOICING	
U+02ED	˭	0xcb 0xad	MODIFIER LETTER UNASPIRATED	
U+02EE	ˮ	0xcb 0xae	MODIFIER LETTER DOUBLE APOSTROPHE	
U+02EF	˯	0xcb 0xaf	MODIFIER LETTER LOW DOWN ARROWHEAD	
U+02F0	˰	0xcb 0xb0	MODIFIER LETTER LOW UP ARROWHEAD	
U+02F1	˱	0xcb 0xb1	MODIFIER LETTER LOW LEFT ARROWHEAD	
U+02F2	˲	0xcb 0xb2	MODIFIER LETTER LOW RIGHT ARROWHEAD	
U+02F3	˳	0xcb 0xb3	MODIFIER LETTER LOW RING	
U+02F4	˴	0xcb 0xb4	MODIFIER LETTER MIDDLE GRAVE ACCENT	
U+02F5	˵	0xcb 0xb5	MODIFIER LETTER MIDDLE DOUBLE GRAVE ACCENT	
U+02F6	˶	0xcb 0xb6	MODIFIER LETTER MIDDLE DOUBLE ACUTE ACCENT	
U+02F7	˷	0xcb 0xb7	MODIFIER LETTER LOW TILDE	
U+02F8	˸	0xcb 0xb8	MODIFIER LETTER RAISED COLON	
U+02F9	˹	0xcb 0xb9	MODIFIER LETTER BEGIN HIGH TONE	
U+02FA	˺	0xcb 0xba	MODIFIER LETTER END HIGH TONE	
U+02FB	˻	0xcb 0xbb	MODIFIER LETTER BEGIN LOW TONE	
U+02FC	˼	0xcb 0xbc	MODIFIER LETTER END LOW TONE	
U+02FD	˽	0xcb 0xbd	MODIFIER LETTER SHELF	
U+02FE	˾	0xcb 0xbe	MODIFIER LETTER OPEN SHELF	
U+02FF	˿	0xcb 0xbf	MODIFIER LETTER LOW LEFT ARROW	
U+0300	̀	0xcc 0x80	COMBINING GRAVE ACCENT	NON-SPACING GRAVE
U+0301	́	0xcc 0x81	COMBINING ACUTE ACCENT	NON-SPACING ACUTE
U+0302	̂	0xcc 0x82	COMBINING CIRCUMFLEX ACCENT	NON-SPACING CIRCUMFLEX
U+0303	̃	0xcc 0x83	COMBINING TILDE	NON-SPACING TILDE
U+0304	̄	0xcc 0x84	COMBINING MACRON	NON-SPACING MACRON
U+0305	̅	0xcc 0x85	COMBINING OVERLINE	NON-SPACING OVERSCORE
U+0306	̆	0xcc 0x86	COMBINING BREVE	NON-SPACING BREVE
U+0307	̇	0xcc 0x87	COMBINING DOT ABOVE	NON-SPACING DOT ABOVE
U+0308	̈	0xcc 0x88	COMBINING DIAERESIS	NON-SPACING DIAERESIS
U+0309	̉	0xcc 0x89	COMBINING HOOK ABOVE	NON-SPACING HOOK ABOVE
U+030A	̊	0xcc 0x8a	COMBINING RING ABOVE	NON-SPACING RING ABOVE
U+030B	̋	0xcc 0x8b	COMBINING DOUBLE ACUTE ACCENT	NON-SPACING DOUBLE ACUTE
U+030C	̌	0xcc 0x8c	COMBINING CARON	NON-SPACING HACEK
U+030D	̍	0xcc 0x8d	COMBINING VERTICAL LINE ABOVE	NON-SPACING VERTICAL LINE ABOVE
U+030E	̎	0xcc 0x8e	COMBINING DOUBLE VERTICAL LINE ABOVE	NON-SPACING DOUBLE VERTICAL LINE ABOVE
U+030F	̏	0xcc 0x8f	COMBINING DOUBLE GRAVE ACCENT	NON-SPACING DOUBLE GRAVE
U+0310	̐	0xcc 0x90	COMBINING CANDRABINDU	NON-SPACING CANDRABINDU
U+0311	̑	0xcc 0x91	COMBINING INVERTED BREVE	NON-SPACING INVERTED BREVE
U+0312	̒	0xcc 0x92	COMBINING TURNED COMMA ABOVE	NON-SPACING TURNED COMMA ABOVE
U+0313	̓	0xcc 0x93	COMBINING COMMA ABOVE	NON-SPACING COMMA ABOVE
U+0314	̔	0xcc 0x94	COMBINING REVERSED COMMA ABOVE	NON-SPACING REVERSED COMMA ABOVE
U+0315	̕	0xcc 0x95	COMBINING COMMA ABOVE RIGHT	NON-SPACING COMMA ABOVE RIGHT
U+0316	̖	0xcc 0x96	COMBINING GRAVE ACCENT BELOW	NON-SPACING GRAVE BELOW
U+0317	̗	0xcc 0x97	COMBINING ACUTE ACCENT BELOW	NON-SPACING ACUTE BELOW
U+0318	̘	0xcc 0x98	COMBINING LEFT TACK BELOW	NON-SPACING LEFT TACK BELOW
U+0319	̙	0xcc 0x99	COMBINING RIGHT TACK BELOW	NON-SPACING RIGHT TACK BELOW
U+031A	̚	0xcc 0x9a	COMBINING LEFT ANGLE ABOVE	NON-SPACING LEFT ANGLE ABOVE
U+031B	̛	0xcc 0x9b	COMBINING HORN	NON-SPACING HORN
U+031C	̜	0xcc 0x9c	COMBINING LEFT HALF RING BELOW	NON-SPACING LEFT HALF RING BELOW
U+031D	̝	0xcc 0x9d	COMBINING UP TACK BELOW	NON-SPACING UP TACK BELOW
U+031E	̞	0xcc 0x9e	COMBINING DOWN TACK BELOW	NON-SPACING DOWN TACK BELOW
U+031F	̟	0xcc 0x9f	COMBINING PLUS SIGN BELOW	NON-SPACING PLUS SIGN BELOW
U+0320	̠	0xcc 0xa0	COMBINING MINUS SIGN BELOW	NON-SPACING MINUS SIGN BELOW
U+0321	̡	0xcc 0xa1	COMBINING PALATALIZED HOOK BELOW	NON-SPACING PALATALIZED HOOK BELOW
U+0322	̢	0xcc 0xa2	COMBINING RETROFLEX HOOK BELOW	NON-SPACING RETROFLEX HOOK BELOW
U+0323	̣	0xcc 0xa3	COMBINING DOT BELOW	NON-SPACING DOT BELOW
U+0324	̤	0xcc 0xa4	COMBINING DIAERESIS BELOW	NON-SPACING DOUBLE DOT BELOW
U+0325	̥	0xcc 0xa5	COMBINING RING BELOW	NON-SPACING RING BELOW
U+0326	̦	0xcc 0xa6	COMBINING COMMA BELOW	NON-SPACING COMMA BELOW
U+0327	̧	0xcc 0xa7	COMBINING CEDILLA	NON-SPACING CEDILLA
U+0328	̨	0xcc 0xa8	COMBINING OGONEK	NON-SPACING OGONEK
U+0329	̩	0xcc 0xa9	COMBINING VERTICAL LINE BELOW	NON-SPACING VERTICAL LINE BELOW
U+032A	̪	0xcc 0xaa	COMBINING BRIDGE BELOW	NON-SPACING BRIDGE BELOW
U+032B	̫	0xcc 0xab	COMBINING INVERTED DOUBLE ARCH BELOW	NON-SPACING INVERTED DOUBLE ARCH BELOW
U+032C	̬	0xcc 0xac	COMBINING CARON BELOW	NON-SPACING HACEK BELOW
U+032D	̭	0xcc 0xad	COMBINING CIRCUMFLEX ACCENT BELOW	NON-SPACING CIRCUMFLEX BELOW
U+032E	̮	0xcc 0xae	COMBINING BREVE BELOW	NON-SPACING BREVE BELOW
U+032F	̯	0xcc 0xaf	COMBINING INVERTED BREVE BELOW	NON-SPACING INVERTED BREVE BELOW
U+0330	̰	0xcc 0xb0	COMBINING TILDE BELOW	NON-SPACING TILDE BELOW
U+0331	̱	0xcc 0xb1	COMBINING MACRON BELOW	NON-SPACING MACRON BELOW
U+0332	̲	0xcc 0xb2	COMBINING LOW LINE	NON-SPACING UNDERSCORE
U+0333	̳	0xcc 0xb3	COMBINING DOUBLE LOW LINE	NON-SPACING DOUBLE UNDERSCORE
U+0334	̴	0xcc 0xb4	COMBINING TILDE OVERLAY	NON-SPACING TILDE OVERLAY
U+0335	̵	0xcc 0xb5	COMBINING SHORT STROKE OVERLAY	NON-SPACING SHORT BAR OVERLAY
U+0336	̶	0xcc 0xb6	COMBINING LONG STROKE OVERLAY	NON-SPACING LONG BAR OVERLAY
U+0337	̷	0xcc 0xb7	COMBINING SHORT SOLIDUS OVERLAY	NON-SPACING SHORT SLASH OVERLAY
U+0338	̸	0xcc 0xb8	COMBINING LONG SOLIDUS OVERLAY	NON-SPACING LONG SLASH OVERLAY
U+0339	̹	0xcc 0xb9	COMBINING RIGHT HALF RING BELOW	NON-SPACING RIGHT HALF RING BELOW
U+033A	̺	0xcc 0xba	COMBINING INVERTED BRIDGE BELOW	NON-SPACING INVERTED BRIDGE BELOW
U+033B	̻	0xcc 0xbb	COMBINING SQUARE BELOW	NON-SPACING SQUARE BELOW
U+033C	̼	0xcc 0xbc	COMBINING SEAGULL BELOW	NON-SPACING SEAGULL BELOW
U+033D	̽	0xcc 0xbd	COMBINING X ABOVE	NON-SPACING X ABOVE
U+033E	̾	0xcc 0xbe	COMBINING VERTICAL TILDE	NON-SPACING VERTICAL TILDE
U+033F	̿	0xcc 0xbf	COMBINING DOUBLE OVERLINE	NON-SPACING DOUBLE OVERSCORE
U+0340	̀	0xcd 0x80	COMBINING GRAVE TONE MARK	NON-SPACING GRAVE TONE MARK
U+0341	́	0xcd 0x81	COMBINING ACUTE TONE MARK	NON-SPACING ACUTE TONE MARK
U+0342	͂	0xcd 0x82	COMBINING GREEK PERISPOMENI	
U+0343	̓	0xcd 0x83	COMBINING GREEK KORONIS	
U+0344	̈́	0xcd 0x84	COMBINING GREEK DIALYTIKA TONOS	GREEK NON-SPACING DIAERESIS TONOS
U+0345	ͅ	0xcd 0x85	COMBINING GREEK YPOGEGRAMMENI	GREEK NON-SPACING IOTA BELOW
U+0346	͆	0xcd 0x86	COMBINING BRIDGE ABOVE	
U+0347	͇	0xcd 0x87	COMBINING EQUALS SIGN BELOW	
U+0348	͈	0xcd 0x88	COMBINING DOUBLE VERTICAL LINE BELOW	
U+0349	͉	0xcd 0x89	COMBINING LEFT ANGLE BELOW	
U+034A	͊	0xcd 0x8a	COMBINING NOT TILDE ABOVE	
U+034B	͋	0xcd 0x8b	COMBINING HOMOTHETIC ABOVE	
U+034C	͌	0xcd 0x8c	COMBINING ALMOST EQUAL TO ABOVE	
U+034D	͍	0xcd 0x8d	COMBINING LEFT RIGHT ARROW BELOW	
U+034E	͎	0xcd 0x8e	COMBINING UPWARDS ARROW BELOW	
U+034F	͏	0xcd 0x8f	COMBINING GRAPHEME JOINER	
U+0350	͐	0xcd 0x90	COMBINING RIGHT ARROWHEAD ABOVE	
U+0351	͑	0xcd 0x91	COMBINING LEFT HALF RING ABOVE	
U+0352	͒	0xcd 0x92	COMBINING FERMATA	
U+0353	͓	0xcd 0x93	COMBINING X BELOW	
U+0354	͔	0xcd 0x94	COMBINING LEFT ARROWHEAD BELOW	
U+0355	͕	0xcd 0x95	COMBINING RIGHT ARROWHEAD BELOW	
U+0356	͖	0xcd 0x96	COMBINING RIGHT ARROWHEAD AND UP ARROWHEAD BELOW	
U+0357	͗	0xcd 0x97	COMBINING RIGHT HALF RING ABOVE	
U+0358	͘	0xcd 0x98	COMBINING DOT ABOVE RIGHT	
U+0359	͙	0xcd 0x99	COMBINING ASTERISK BELOW	
U+035A	͚	0xcd 0x9a	COMBINING DOUBLE RING BELOW	
U+035B	͛	0xcd 0x9b	COMBINING ZIGZAG ABOVE	
U+035C	͜	0xcd 0x9c	COMBINING DOUBLE BREVE BELOW	
U+035D	͝	0xcd 0x9d	COMBINING DOUBLE BREVE	
U+035E	͞	0xcd 0x9e	COMBINING DOUBLE MACRON	
U+035F	͟	0xcd 0x9f	COMBINING DOUBLE MACRON BELOW	
U+0360	͠	0xcd 0xa0	COMBINING DOUBLE TILDE	
U+0361	͡	0xcd 0xa1	COMBINING DOUBLE INVERTED BREVE	
U+0362	͢	0xcd 0xa2	COMBINING DOUBLE RIGHTWARDS ARROW BELOW	
U+0363	ͣ	0xcd 0xa3	COMBINING LATIN SMALL LETTER A	
U+0364	ͤ	0xcd 0xa4	COMBINING LATIN SMALL LETTER E	
U+0365	ͥ	0xcd 0xa5	COMBINING LATIN SMALL LETTER I	
U+0366	ͦ	0xcd 0xa6	COMBINING LATIN SMALL LETTER O	
U+0367	ͧ	0xcd 0xa7	COMBINING LATIN SMALL LETTER U	
U+0368	ͨ	0xcd 0xa8	COMBINING LATIN SMALL LETTER C	
U+0369	ͩ	0xcd 0xa9	COMBINING LATIN SMALL LETTER D	
U+036A	ͪ	0xcd 0xaa	COMBINING LATIN SMALL LETTER H	
U+036B	ͫ	0xcd 0xab	COMBINING LATIN SMALL LETTER M	
U+036C	ͬ	0xcd 0xac	COMBINING LATIN SMALL LETTER R	
U+036D	ͭ	0xcd 0xad	COMBINING LATIN SMALL LETTER T	
U+036E	ͮ	0xcd 0xae	COMBINING LATIN SMALL LETTER V	
U+036F	ͯ	0xcd 0xaf	COMBINING LATIN SMALL LETTER X	
U+0370	Ͱ	0xcd 0xb0	GREEK CAPITAL LETTER HETA	
U+0371	ͱ	0xcd 0xb1	GREEK SMALL LETTER HETA	
U+0372	Ͳ	0xcd 0xb2	GREEK CAPITAL LETTER ARCHAIC SAMPI	
U+0373	ͳ	0xcd 0xb3	GREEK SMALL LETTER ARCHAIC SAMPI	
U+0374	ʹ	0xcd 0xb4	GREEK NUMERAL SIGN	GREEK UPPER NUMERAL SIGN
U+0375	͵	0xcd 0xb5	GREEK LOWER NUMERAL SIGN	
U+0376	Ͷ	0xcd 0xb6	GREEK CAPITAL LETTER PAMPHYLIAN DIGAMMA	
U+0377	ͷ	0xcd 0xb7	GREEK SMALL LETTER PAMPHYLIAN DIGAMMA	
U+0378	͸	0xcd 0xb8		
U+0379	͹	0xcd 0xb9		
U+037A	ͺ	0xcd 0xba	GREEK YPOGEGRAMMENI	GREEK SPACING IOTA BELOW
U+037B	ͻ	0xcd 0xbb	GREEK SMALL REVERSED LUNATE SIGMA SYMBOL	
U+037C	ͼ	0xcd 0xbc	GREEK SMALL DOTTED LUNATE SIGMA SYMBOL	
U+037D	ͽ	0xcd 0xbd	GREEK SMALL REVERSED DOTTED LUNATE SIGMA SYMBOL	
U+037E	;	0xcd 0xbe	GREEK QUESTION MARK	
U+037F	Ϳ	0xcd 0xbf	GREEK CAPITAL LETTER YOT	
U+0380	΀	0xce 0x80		
U+0381	΁	0xce 0x81		
U+0382	΂	0xce 0x82		
U+0383	΃	0xce 0x83		
U+0384	΄	0xce 0x84	GREEK TONOS	GREEK SPACING TONOS
U+0385	΅	0xce 0x85	GREEK DIALYTIKA TONOS	GREEK SPACING DIAERESIS TONOS
U+0386	Ά	0xce 0x86	GREEK CAPITAL LETTER ALPHA WITH TONOS	GREEK CAPITAL LETTER ALPHA TONOS
U+0387	·	0xce 0x87	GREEK ANO TELEIA	
U+0388	Έ	0xce 0x88	GREEK CAPITAL LETTER EPSILON WITH TONOS	GREEK CAPITAL LETTER EPSILON TONOS
U+0389	Ή	0xce 0x89	GREEK CAPITAL LETTER ETA WITH TONOS	GREEK CAPITAL LETTER ETA TONOS
U+038A	Ί	0xce 0x8a	GREEK CAPITAL LETTER IOTA WITH TONOS	GREEK CAPITAL LETTER IOTA TONOS
U+038B	΋	0xce 0x8b		
U+038C	Ό	0xce 0x8c	GREEK CAPITAL LETTER OMICRON WITH TONOS	GREEK CAPITAL LETTER OMICRON TONOS
U+038D	΍	0xce 0x8d		
U+038E	Ύ	0xce 0x8e	GREEK CAPITAL LETTER UPSILON WITH TONOS	GREEK CAPITAL LETTER UPSILON TONOS
U+038F	Ώ	0xce 0x8f	GREEK CAPITAL LETTER OMEGA WITH TONOS	GREEK CAPITAL LETTER OMEGA TONOS
U+0390	ΐ	0xce 0x90	GREEK SMALL LETTER IOTA WITH DIALYTIKA AND TONOS	GREEK SMALL LETTER IOTA DIAERESIS TONOS
U+0391	Α	0xce 0x91	GREEK CAPITAL LETTER ALPHA	
U+0392	Β	0xce 0x92	GREEK CAPITAL LETTER BETA	
U+0393	Γ	0xce 0x93	GREEK CAPITAL LETTER GAMMA	
U+0394	Δ	0xce 0x94	GREEK CAPITAL LETTER DELTA	
U+0395	Ε	0xce 0x95	GREEK CAPITAL LETTER EPSILON	
U+0396	Ζ	0xce 0x96	GREEK CAPITAL LETTER ZETA	
U+0397	Η	0xce 0x97	GREEK CAPITAL LETTER ETA	
U+0398	Θ	0xce 0x98	GREEK CAPITAL LETTER THETA	
U+0399	Ι	0xce 0x99	GREEK CAPITAL LETTER IOTA	
U+039A	Κ	0xce 0x9a	GREEK CAPITAL LETTER KAPPA	
U+039B	Λ	0xce 0x9b	GREEK CAPITAL LETTER LAMDA	GREEK CAPITAL LETTER LAMBDA
U+039C	Μ	0xce 0x9c	GREEK CAPITAL LETTER MU	
U+039D	Ν	0xce 0x9d	GREEK CAPITAL LETTER NU	
U+039E	Ξ	0xce 0x9e	GREEK CAPITAL LETTER XI	
U+039F	Ο	0xce 0x9f	GREEK CAPITAL LETTER OMICRON	
U+03A0	Π	0xce 0xa0	GREEK CAPITAL LETTER PI	
U+03A1	Ρ	0xce 0xa1	GREEK CAPITAL LETTER RHO	
U+03A2	΢	0xce 0xa2		
U+03A3	Σ	0xce 0xa3	GREEK CAPITAL LETTER SIGMA	
U+03A4	Τ	0xce 0xa4	GREEK CAPITAL LETTER TAU	
U+03A5	Υ	0xce 0xa5	GREEK CAPITAL LETTER UPSILON	
U+03A6	Φ	0xce 0xa6	GREEK CAPITAL LETTER PHI	
U+03A7	Χ	0xce 0xa7	GREEK CAPITAL LETTER CHI	
U+03A8	Ψ	0xce 0xa8	GREEK CAPITAL LETTER PSI	
U+03A9	Ω	0xce 0xa9	GREEK CAPITAL LETTER OMEGA	
U+03AA	Ϊ	0xce 0xaa	GREEK CAPITAL LETTER IOTA WITH DIALYTIKA	GREEK CAPITAL LETTER IOTA DIAERESIS
U+03AB	Ϋ	0xce 0xab	GREEK CAPITAL LETTER UPSILON WITH DIALYTIKA	GREEK CAPITAL LETTER UPSILON DIAERESIS
U+03AC	ά	0xce 0xac	GREEK SMALL LETTER ALPHA WITH TONOS	GREEK SMALL LETTER ALPHA TONOS
U+03AD	έ	0xce 0xad	GREEK SMALL LETTER EPSILON WITH TONOS	GREEK SMALL LETTER EPSILON TONOS
U+03AE	ή	0xce 0xae	GREEK SMALL LETTER ETA WITH TONOS	GREEK SMALL LETTER ETA TONOS
U+03AF	ί	0xce 0xaf	GREEK SMALL LETTER IOTA WITH TONOS	GREEK SMALL LETTER IOTA TONOS
U+03B0	ΰ	0xce 0xb0	GREEK SMALL LETTER UPSILON WITH DIALYTIKA AND TONOS	GREEK SMALL LETTER UPSILON DIAERESIS TONOS
U+03B1	α	0xce 0xb1	GREEK SMALL LETTER ALPHA	
U+03B2	β	0xce 0xb2	GREEK SMALL LETTER BETA	
U+03B3	γ	0xce 0xb3	GREEK SMALL LETTER GAMMA	
U+03B4	δ	0xce 0xb4	GREEK SMALL LETTER DELTA	
U+03B5	ε	0xce 0xb5	GREEK SMALL LETTER EPSILON	
U+03B6	ζ	0xce 0xb6	GREEK SMALL LETTER ZETA	
U+03B7	η	0xce 0xb7	GREEK SMALL LETTER ETA	
U+03B8	θ	0xce 0xb8	GREEK SMALL LETTER THETA	
U+03B9	ι	0xce 0xb9	GREEK SMALL LETTER IOTA	
U+03BA	κ	0xce 0xba	GREEK SMALL LETTER KAPPA	
U+03BB	λ	0xce 0xbb	GREEK SMALL LETTER LAMDA	GREEK SMALL LETTER LAMBDA
U+03BC	μ	0xce 0xbc	GREEK SMALL LETTER MU	
U+03BD	ν	0xce 0xbd	GREEK SMALL LETTER NU	
U+03BE	ξ	0xce 0xbe	GREEK SMALL LETTER XI	
U+03BF	ο	0xce 0xbf	GREEK SMALL LETTER OMICRON	
U+03C0	π	0xcf 0x80	GREEK SMALL LETTER PI	
U+03C1	ρ	0xcf 0x81	GREEK SMALL LETTER RHO	
U+03C2	ς	0xcf 0x82	GREEK SMALL LETTER FINAL SIGMA	
U+03C3	σ	0xcf 0x83	GREEK SMALL LETTER SIGMA	
U+03C4	τ	0xcf 0x84	GREEK SMALL LETTER TAU	
U+03C5	υ	0xcf 0x85	GREEK SMALL LETTER UPSILON	
U+03C6	φ	0xcf 0x86	GREEK SMALL LETTER PHI	
U+03C7	χ	0xcf 0x87	GREEK SMALL LETTER CHI	
U+03C8	ψ	0xcf 0x88	GREEK SMALL LETTER PSI	
U+03C9	ω	0xcf 0x89	GREEK SMALL LETTER OMEGA	
U+03CA	ϊ	0xcf 0x8a	GREEK SMALL LETTER IOTA WITH DIALYTIKA	GREEK SMALL LETTER IOTA DIAERESIS
U+03CB	ϋ	0xcf 0x8b	GREEK SMALL LETTER UPSILON WITH DIALYTIKA	GREEK SMALL LETTER UPSILON DIAERESIS
U+03CC	ό	0xcf 0x8c	GREEK SMALL LETTER OMICRON WITH TONOS	GREEK SMALL LETTER OMICRON TONOS
U+03CD	ύ	0xcf 0x8d	GREEK SMALL LETTER UPSILON WITH TONOS	GREEK SMALL LETTER UPSILON TONOS
U+03CE	ώ	0xcf 0x8e	GREEK SMALL LETTER OMEGA WITH TONOS	GREEK SMALL LETTER OMEGA TONOS
U+03CF	Ϗ	0xcf 0x8f	GREEK CAPITAL KAI SYMBOL	
U+03D0	ϐ	0xcf 0x90	GREEK BETA SYMBOL	GREEK SMALL LETTER CURLED BETA
U+03D1	ϑ	0xcf 0x91	GREEK THETA SYMBOL	GREEK SMALL LETTER SCRIPT THETA
U+03D2	ϒ	0xcf 0x92	GREEK UPSILON WITH HOOK SYMBOL	GREEK CAPITAL LETTER UPSILON HOOK
U+03D3	ϓ	0xcf 0x93	GREEK UPSILON WITH ACUTE AND HOOK SYMBOL	GREEK CAPITAL LETTER UPSILON HOOK TONOS
U+03D4	ϔ	0xcf 0x94	GREEK UPSILON WITH DIAERESIS AND HOOK SYMBOL	GREEK CAPITAL LETTER UPSILON HOOK DIAERESIS
U+03D5	ϕ	0xcf 0x95	GREEK PHI SYMBOL	GREEK SMALL LETTER SCRIPT PHI
U+03D6	ϖ	0xcf 0x96	GREEK PI SYMBOL	GREEK SMALL LETTER OMEGA PI
U+03D7	ϗ	0xcf 0x97	GREEK KAI SYMBOL	
U+03D8	Ϙ	0xcf 0x98	GREEK LETTER ARCHAIC KOPPA	
U+03D9	ϙ	0xcf 0x99	GREEK SMALL LETTER ARCHAIC KOPPA	
U+03DA	Ϛ	0xcf 0x9a	GREEK LETTER STIGMA	GREEK CAPITAL LETTER STIGMA
U+03DB	ϛ	0xcf 0x9b	GREEK SMALL LETTER STIGMA	
U+03DC	Ϝ	0xcf 0x9c	GREEK LETTER DIGAMMA	GREEK CAPITAL LETTER DIGAMMA
U+03DD	ϝ	0xcf 0x9d	GREEK SMALL LETTER DIGAMMA	
U+03DE	Ϟ	0xcf 0x9e	GREEK LETTER KOPPA	GREEK CAPITAL LETTER KOPPA
U+03DF	ϟ	0xcf 0x9f	GREEK SMALL LETTER KOPPA	
U+03E0	Ϡ	0xcf 0xa0	GREEK LETTER SAMPI	GREEK CAPITAL LETTER SAMPI
U+03E1	ϡ	0xcf 0xa1	GREEK SMALL LETTER SAMPI	
U+03E2	Ϣ	0xcf 0xa2	COPTIC CAPITAL LETTER SHEI	GREEK CAPITAL LETTER SHEI
U+03E3	ϣ	0xcf 0xa3	COPTIC SMALL LETTER SHEI	GREEK SMALL LETTER SHEI
U+03E4	Ϥ	0xcf 0xa4	COPTIC CAPITAL LETTER FEI	GREEK CAPITAL LETTER FEI
U+03E5	ϥ	0xcf 0xa5	COPTIC SMALL LETTER FEI	GREEK SMALL LETTER FEI
U+03E6	Ϧ	0xcf 0xa6	COPTIC CAPITAL LETTER KHEI	GREEK CAPITAL LETTER KHEI
U+03E7	ϧ	0xcf 0xa7	COPTIC SMALL LETTER KHEI	GREEK SMALL LETTER KHEI
U+03E8	Ϩ	0xcf 0xa8	COPTIC CAPITAL LETTER HORI	GREEK CAPITAL LETTER HORI
U+03E9	ϩ	0xcf 0xa9	COPTIC SMALL LETTER HORI	GREEK SMALL LETTER HORI
U+03EA	Ϫ	0xcf 0xaa	COPTIC CAPITAL LETTER GANGIA	GREEK CAPITAL LETTER GANGIA
U+03EB	ϫ	0xcf 0xab	COPTIC SMALL LETTER GANGIA	GREEK SMALL LETTER GANGIA
U+03EC	Ϭ	0xcf 0xac	COPTIC CAPITAL LETTER SHIMA	GREEK CAPITAL LETTER SHIMA
U+03ED	ϭ	0xcf 0xad	COPTIC SMALL LETTER SHIMA	GREEK SMALL LETTER SHIMA
U+03EE	Ϯ	0xcf 0xae	COPTIC CAPITAL LETTER DEI	GREEK CAPITAL LETTER DEI
U+03EF	ϯ	0xcf 0xaf	COPTIC SMALL LETTER DEI	GREEK SMALL LETTER DEI
U+03F0	ϰ	0xcf 0xb0	GREEK KAPPA SYMBOL	GREEK SMALL LETTER SCRIPT KAPPA
U+03F1	ϱ	0xcf 0xb1	GREEK RHO SYMBOL	GREEK SMALL LETTER TAILED RHO
U+03F2	ϲ	0xcf 0xb2	GREEK LUNATE SIGMA SYMBOL	GREEK SMALL LETTER LUNATE SIGMA
U+03F3	ϳ	0xcf 0xb3	GREEK LETTER YOT	
U+03F4	ϴ	0xcf 0xb4	GREEK CAPITAL THETA SYMBOL	
U+03F5	ϵ	0xcf 0xb5	GREEK LUNATE EPSILON SYMBOL	
U+03F6	϶	0xcf 0xb6	GREEK REVERSED LUNATE EPSILON SYMBOL	
U+03F7	Ϸ	0xcf 0xb7	GREEK CAPITAL LETTER SHO	
U+03F8	ϸ	0xcf 0xb8	GREEK SMALL LETTER SHO	
U+03F9	Ϲ	0xcf 0xb9	GREEK CAPITAL LUNATE SIGMA SYMBOL	
U+03FA	Ϻ	0xcf 0xba	GREEK CAPITAL LETTER SAN	
U+03FB	ϻ	0xcf 0xbb	GREEK SMALL LETTER SAN	
U+03FC	ϼ	0xcf 0xbc	GREEK RHO WITH STROKE SYMBOL	
U+03FD	Ͻ	0xcf 0xbd	GREEK CAPITAL REVERSED LUNATE SIGMA SYMBOL	
U+03FE	Ͼ	0xcf 0xbe	GREEK CAPITAL DOTTED LUNATE SIGMA SYMBOL	
U+03FF	Ͽ	0xcf 0xbf	GREEK CAPITAL REVERSED DOTTED LUNATE SIGMA SYMBOL	